DBRep_DrawableShape

CASCADE Topology V3, (c) Open Cascade
Locations 2
1
              1               0               0             571 
              0               1               0          -386.5 
              0               0               1               0 
1
              1               0               0             571 
              0               1               0           386.5 
              0               0               1               0 
Curve2ds 1504
8 -3.3625000000000025 46.637500000000067
1 3.3625000000000025 -16.699999999999999 1 1.1102230246251565e-16 
8 -3.3625000000000025 46.637500000000067
1 -4.9497474683058522 3.3625000000000007 -1.7431527984210492e-32 -1 
1 3.3624999999999989 -16.699999999999996 1 -1.1102230246251564e-16 
1 50 -1.9984014443252818e-15 -1.1102230246251565e-16 -1 
1 0 0 0 -1 
8 -46.637500000000003 3.3625000000000669
1 3.3624999999999989 -16.700000000000017 -1 1.1102230246251568e-16 
8 -46.637500000000003 3.3625000000000669
1 4.9497474683058282 -3.3625000000000007 1.7431527984210495e-32 -1 
1 3.362499999999955 -410.19999999999999 -1 1.1102230246251564e-16 
1 0 0 -1.1102230246251565e-16 -1 
1 12 0 0 -1 
8 -16.157389950112687 0.81317279836454748
1 11.424999999999988 -17.275000000000006 0.70710678118654768 0.70710678118654735 
8 -16.157389950112687 0.81317279836454748
1 -4.1365746699413108 6.7250000000000014 -1 0 
1 11.424999999999994 -17.275000000000006 0.70710678118654746 0.70710678118654757 
8 -3.3625000000000029 -1.862499999999935
1 3.3625000000000029 -28.699999999999996 1 1.1102230246251565e-16 
8 -3.3625000000000029 -1.862499999999935
1 12.020815280171286 3.3624999999999998 -1.7431527984210492e-32 -1 
1 3.3624999999999967 -28.699999999999996 1 -1.1102230246251564e-16 
8 -16.157389950112691 -1.3081475451951012
1 11.42499999999999 -17.275000000000006 0.70710678118654768 0.70710678118654735 
8 -16.157389950112691 -1.3081475451951012
1 -4.13657466994131 5.2249999999999996 -1 0 
1 11.424999999999994 -17.275000000000006 0.70710678118654746 0.70710678118654757 
1 -0.92499999999999316 -0.92499999999999361 -0.70710678118654746 -0.70710678118654757 
8 -2.612500000000002 3.3875000000000655
1 2.612500000000002 -18.199999999999996 1 1.1102230246251565e-16 
8 -2.612500000000002 3.3875000000000655
1 -2.8284271247462103 2.6124999999999998 -1.7431527984210492e-32 -1 
1 2.6124999999999976 -18.199999999999996 1 -1.1102230246251564e-16 
8 5.020458146424474 19.869700551342063
1 -3.5499999999999905 -14.650000000000006 0.70710678118654768 -0.70710678118654735 
8 5.020458146424474 19.869700551342063
1 -7.8488852711706869 -0.77499999999999991 1 0 
1 -3.5499999999999936 -14.650000000000006 0.70710678118654746 -0.70710678118654757 
1 -3.5499999999999936 -3.5499999999999945 0.70710678118654746 0.70710678118654757 
8 0.38749999999999657 1.8875000000000646
1 -0.38749999999999701 -28.699999999999996 1 1.1102230246251565e-16 
8 0.38749999999999657 1.8875000000000646
1 12.020815280171286 -0.38750000000000018 -1.7431527984210492e-32 -1 
1 -0.38750000000000334 -28.699999999999996 1 -1.1102230246251564e-16 
8 -16.157389950112687 -9.0863221382471142
1 11.424999999999988 -17.275000000000006 0.70710678118654768 0.70710678118654735 
8 -16.157389950112687 -9.0863221382471142
1 -4.1365746699413108 -2.2749999999999986 -1 0 
1 11.424999999999994 -17.275000000000006 0.70710678118654746 0.70710678118654757 
8 1.1374999999999966 40.637500000000067
1 -1.1374999999999966 -23.699999999999996 1 1.1102230246251565e-16 
8 1.1374999999999966 40.637500000000067
1 4.9497474683058114 -1.1374999999999993 -1.7431527984210492e-32 -1 
1 -1.137500000000002 -23.699999999999996 1 -1.1102230246251564e-16 
8 10.854089091213487 50.452068837660228
1 -7.6749999999999883 -16.025000000000002 0.70710678118654768 -0.70710678118654735 
8 10.854089091213487 50.452068837660228
1 -5.9043416229076788 -41.774999999999999 1 0 
1 -7.6749999999999927 -16.025000000000009 0.70710678118654746 -0.70710678118654757 
8 -21.63750000000006 -20.137499999999992
1 21.637499999999992 -51.699999999999974 1 -1.1102230246251565e-16 
8 -21.63750000000006 -20.137499999999992
1 44.547727214752463 -21.637499999999999 1.7431527984210492e-32 1 
1 21.637500000000006 -51.700000000000003 1 1.1102230246251564e-16 
8 3.4294678887547412 52.926942571813157
1 -2.4249999999999896 -14.275000000000002 0.70710678118654768 -0.70710678118654735 
8 3.4294678887547412 52.926942571813157
1 -8.3792153570605947 -43.274999999999999 1 0 
1 -2.4249999999999927 -14.275000000000009 0.70710678118654746 -0.70710678118654757 
8 5.0204581464244695 10.677312395916944
1 -3.5499999999999887 -14.650000000000002 0.70710678118654768 -0.70710678118654735 
8 5.0204581464244695 10.677312395916944
1 -7.8488852711706842 -41.774999999999999 1 0 
1 -3.5499999999999927 -14.650000000000009 0.70710678118654746 -0.70710678118654757 
8 -20.887500000000063 18.612500000000004
1 20.887499999999996 -22.199999999999996 1 -1.1102230246251565e-16 
8 -20.887500000000063 18.612500000000004
1 2.828427124746169 -20.887499999999999 1.7431527984210492e-32 1 
1 20.887500000000003 -22.199999999999996 1 1.1102230246251564e-16 
8 -9.2630988335438538 -3.6062445840513782
1 6.5499999999999901 -15.650000000000006 0.70710678118654768 0.70710678118654735 
8 -9.2630988335438538 -3.6062445840513782
1 -6.434671708797592 -2.2749999999999986 -1 0 
1 6.5499999999999936 -15.650000000000006 0.70710678118654746 0.70710678118654757 
8 1.1374999999999973 40.637500000000067
1 -1.1374999999999973 -18.199999999999996 1 1.1102230246251565e-16 
8 1.1374999999999973 40.637500000000067
1 -2.8284271247462103 -1.1374999999999993 -1.7431527984210492e-32 -1 
1 -1.1375000000000013 -18.199999999999996 1 -1.1102230246251564e-16 
1 0 0 1.1102230246251565e-16 -1 
1 35 0 0 -1 
8 -52.926942571813193 -3.4294678887547678
1 -2.4250000000000096 -14.275000000000013 -0.70710678118654757 0.70710678118654746 
8 -52.926942571813193 -3.4294678887547678
1 8.3792153570605983 43.274999999999999 1 0 
1 -2.4249999999999901 -412.625 -0.70710678118654757 -0.70710678118654746 
8 -0.81317279836451484 16.157389950112719
1 11.42500000000001 -17.275000000000023 -0.70710678118654757 -0.70710678118654746 
8 -0.81317279836451484 16.157389950112719
1 4.136574669941302 -6.7250000000000014 -1 0 
1 11.424999999999974 -409.625 -0.70710678118654757 0.70710678118654746 
8 1.8624999999999967 3.3625000000000647
1 3.3624999999999967 -28.700000000000045 -1 1.1102230246251568e-16 
8 1.8624999999999967 3.3625000000000647
1 -12.020815280171334 -3.3624999999999998 1.7431527984210495e-32 -1 
1 3.3624999999999554 -398.19999999999999 -1 1.1102230246251564e-16 
8 1.3081475451951279 16.157389950112719
1 11.42500000000001 -17.275000000000023 -0.70710678118654757 -0.70710678118654746 
8 1.3081475451951279 16.157389950112719
1 4.136574669941302 -5.2249999999999996 -1 0 
1 11.424999999999974 -409.625 -0.70710678118654757 0.70710678118654746 
1 -0.92499999999997451 391.42500000000001 0.70710678118654757 -0.70710678118654746 
8 -3.3875000000000024 2.6125000000000655
1 2.6124999999999976 -18.200000000000024 -1 1.1102230246251568e-16 
8 -3.3875000000000024 2.6125000000000655
1 2.828427124746181 -2.6124999999999998 1.7431527984210495e-32 -1 
1 2.6124999999999545 -408.69999999999999 -1 1.1102230246251564e-16 
8 -19.869700551342095 -5.0204581464244997
1 -3.5500000000000096 -14.650000000000013 -0.70710678118654757 0.70710678118654746 
8 -19.869700551342095 -5.0204581464244997
1 7.8488852711706842 0.77499999999999991 1 0 
1 -3.5499999999999856 -412.25 -0.70710678118654757 -0.70710678118654746 
1 -3.5499999999999856 394.05000000000001 -0.70710678118654757 0.70710678118654746 
8 -1.8875000000000033 -0.38749999999993501
1 -0.38750000000000334 -28.700000000000045 -1 1.1102230246251568e-16 
8 -1.8875000000000033 -0.38749999999993501
1 -12.020815280171334 0.38750000000000018 1.7431527984210495e-32 -1 
1 -0.38750000000004436 -398.19999999999999 -1 1.1102230246251564e-16 
8 9.086322138247148 16.157389950112719
1 11.42500000000001 -17.275000000000023 -0.70710678118654757 -0.70710678118654746 
8 9.086322138247148 16.157389950112719
1 4.136574669941302 2.2749999999999986 -1 0 
1 11.424999999999974 -409.625 -0.70710678118654757 0.70710678118654746 
8 -40.637500000000003 -1.137499999999934
1 -1.137500000000002 -23.700000000000006 -1 1.1102230246251568e-16 
8 -40.637500000000003 -1.137499999999934
1 -4.9497474683058291 1.1374999999999993 1.7431527984210495e-32 -1 
1 -1.1375000000000441 -403.19999999999999 -1 1.1102230246251564e-16 
8 -50.452068837660271 -10.85408909121352
1 -7.6750000000000096 -16.025000000000006 -0.70710678118654757 0.70710678118654746 
8 -50.452068837660271 -10.85408909121352
1 5.9043416229076859 41.774999999999999 1 0 
1 -7.6749999999999963 -410.875 -0.70710678118654757 -0.70710678118654746 
8 20.137499999999939 21.637500000000006
1 21.637500000000006 -51.700000000000045 -1 -1.1102230246251568e-16 
8 20.137499999999939 21.637500000000006
1 -44.54772721475252 21.637499999999999 -1.7431527984210495e-32 1 
1 21.637500000000042 -375.19999999999999 -1 -1.1102230246251564e-16 
8 -18.612500000000068 20.887500000000003
1 20.887500000000003 -22.199999999999999 -1 -1.1102230246251568e-16 
8 -18.612500000000068 20.887500000000003
1 -2.8284271247461814 20.887499999999999 -1.7431527984210495e-32 1 
1 20.887500000000045 -404.69999999999999 -1 -1.1102230246251564e-16 
8 3.6062445840513266 9.2630988335438023
1 6.5499999999999527 -15.650000000000002 -0.70710678118654757 -0.70710678118654746 
8 3.6062445840513266 9.2630988335438023
1 6.4346717087975573 2.2749999999999986 -1 0 
1 6.5499999999999972 -411.24999999999994 -0.70710678118654757 0.70710678118654746 
8 -40.637500000000003 -1.1374999999999333
1 -1.1375000000000013 -18.200000000000024 -1 1.1102230246251568e-16 
8 -40.637500000000003 -1.1374999999999333
1 2.828427124746181 1.1374999999999993 1.7431527984210495e-32 -1 
1 -1.1375000000000446 -408.69999999999999 -1 1.1102230246251564e-16 
8 -10.677312395916974 -5.0204581464244997
1 -3.5500000000000096 -14.650000000000016 -0.70710678118654757 0.70710678118654746 
8 -10.677312395916974 -5.0204581464244997
1 7.8488852711706851 41.774999999999999 1 0 
1 -3.5499999999999874 -412.25 -0.70710678118654757 -0.70710678118654746 
1 0 0 0 -1 
1 0 0 -1.1102230246251565e-16 -1 
1 1.5 -1.6653345369377348e-16 -1.1102230246251565e-16 -1 
1 0 0 0 -1 
1 10.5 -18.199999999999999 0 1 
1 10.5 0 0 -1 
1 0 0 -1.1102230246251565e-16 -1 
1 0 -18.199999999999999 0 1 
1 6 -6.6613381477509392e-16 -1.1102230246251565e-16 -1 
1 0 0 0 -1 
1 0 -18.199999999999999 0 1 
1 10.5 0 0 -1 
1 -4.4408920985006262e-16 4.9303806576313238e-32 -1.1102230246251565e-16 -1 
1 10.5 -18.199999999999999 0 1 
1 1.4999999999999996 -1.6653345369377343e-16 -1.1102230246251565e-16 -1 
1 0 0 0 -1 
1 5 0 0 -1 
1 0 0 -1.1102230246251565e-16 -1 
1 39.5 -8.3266726846886741e-16 -1.1102230246251565e-16 -1 
1 0 0 0 -1 
1 28 0 0 -1 
1 1.5 1.6653345369377348e-16 1.1102230246251565e-16 -1 
1 39.5 8.3266726846886741e-16 1.1102230246251565e-16 -1 
1 0 0 0 -1 
1 4 0 0 -1 
1 0 0 1.1102230246251565e-16 -1 
1 4 0 0 -1 
1 0 0 -1.1102230246251565e-16 -1 
1 0 0 0 -1 
1 39.5 -8.3266726846886741e-16 -1.1102230246251565e-16 -1 
8 -46.637500000000003 3.3625000000000669
1 3.3625000000000669 -594.70000000000005 -1 -1.1102230246251564e-16 
8 -46.637500000000003 3.3625000000000669
1 -4.9497474683058345 -3.3625000000000007 1.7431527984210495e-32 -1 
1 3.3625000000000025 -16.699999999999996 -1 -1.1102230246251565e-16 
1 50 1.9984014443252818e-15 1.1102230246251565e-16 -1 
1 0 0 2.2204460492503131e-16 -1 
8 -3.3625000000000025 46.637500000000067
1 3.3624999999999345 -594.69999999999993 1 -1.1102230246251564e-16 
8 -3.3625000000000025 46.637500000000067
1 4.9497474683057519 3.3625000000000007 -1.7431527984210492e-32 -1 
1 3.3625000000000465 -410.19999999999999 1 1.1102230246251565e-16 
1 0 0 1.1102230246251565e-16 -1 
1 12 8.8817841970012523e-16 -2.2204460492503131e-16 -1 
8 163.23560043691452 212.73307511997291
1 150.42500000000004 -444.27499999999998 -0.70710678118654735 -0.70710678118654768 
8 163.23560043691452 212.73307511997291
1 207.78332765166698 43.274999999999999 -1 0 
1 150.42500000000004 -167.12499999999994 -0.70710678118654768 0.70710678118654735 
8 20.137499999999939 21.637500000000006
1 21.637499999999939 -559.70000000000005 -1 1.1102230246251564e-16 
8 20.137499999999939 21.637500000000006
1 44.547727214752491 21.637499999999999 -1.7431527984210495e-32 1 
1 21.637499999999992 -51.699999999999989 -1 1.1102230246251565e-16 
8 165.71047417106746 205.30845391751424
1 145.17500000000007 -442.52499999999998 -0.70710678118654735 -0.70710678118654768 
8 165.71047417106746 205.30845391751424
1 210.25820138581992 41.774999999999999 -1 0 
1 145.17500000000004 -168.87499999999997 -0.70710678118654768 0.70710678118654735 
8 -40.637500000000003 -1.137499999999934
1 -1.137499999999934 -587.70000000000005 -1 -1.1102230246251564e-16 
8 -40.637500000000003 -1.137499999999934
1 4.9497474683058309 1.1374999999999993 1.7431527984210495e-32 -1 
1 -1.1374999999999966 -23.699999999999996 -1 -1.1102230246251565e-16 
8 -207.07622087048054 -200.00515305861495
1 -141.42500000000004 -441.27499999999992 -0.70710678118654735 0.70710678118654768 
8 -207.07622087048054 -200.00515305861495
1 212.02596833878633 2.2749999999999986 1 0 
1 -141.4250000000001 -170.12499999999994 -0.70710678118654768 -0.70710678118654735 
8 -1.8875000000000031 -0.38749999999993506
1 -0.38749999999993551 -582.70000000000005 -1 -1.1102230246251564e-16 
8 -1.8875000000000031 -0.38749999999993506
1 12.020815280171306 0.38750000000000018 1.7431527984210495e-32 -1 
1 -0.38749999999999701 -28.699999999999996 -1 -1.1102230246251565e-16 
8 196.29284245738566 211.14208486230319
1 149.30000000000004 -443.89999999999992 -0.70710678118654735 -0.70710678118654768 
8 196.29284245738566 211.14208486230319
1 208.31365773755695 0.77499999999999991 -1 0 
1 149.3000000000001 -167.49999999999994 -0.70710678118654768 0.70710678118654735 
1 425.69999999999993 149.29999999999998 0.70710678118654757 -0.70710678118654746 
8 -3.387500000000002 2.6125000000000655
1 2.6125000000000655 -593.20000000000005 -1 -1.1102230246251564e-16 
8 -3.387500000000002 2.6125000000000655
1 -2.8284271247461916 -2.6124999999999998 1.7431527984210495e-32 -1 
1 2.612500000000002 -18.199999999999996 -1 -1.1102230246251565e-16 
8 -214.85439546353257 -200.00515305861495
1 -141.42500000000004 -441.27499999999992 -0.70710678118654735 0.70710678118654768 
8 -214.85439546353257 -200.00515305861495
1 212.02596833878633 -5.2249999999999996 1 0 
1 -141.4250000000001 -170.12499999999994 -0.70710678118654768 -0.70710678118654735 
1 423.07499999999993 151.92499999999998 -0.70710678118654757 0.70710678118654746 
8 1.8624999999999967 3.3625000000000647
1 3.3625000000000647 -582.70000000000005 -1 -1.1102230246251564e-16 
8 1.8624999999999967 3.3625000000000647
1 12.020815280171306 -3.3624999999999998 1.7431527984210495e-32 -1 
1 3.3625000000000029 -28.699999999999996 -1 -1.1102230246251565e-16 
8 -216.97571580709223 -200.00515305861495
1 -141.42500000000004 -441.27499999999992 -0.70710678118654735 0.70710678118654768 
8 -216.97571580709223 -200.00515305861495
1 212.02596833878633 -6.7250000000000014 1 0 
1 -141.4250000000001 -170.12499999999994 -0.70710678118654768 -0.70710678118654735 
8 205.4852306128108 211.14208486230319
1 149.30000000000004 -443.89999999999992 -0.70710678118654735 -0.70710678118654768 
8 205.4852306128108 211.14208486230319
1 208.31365773755695 41.774999999999999 -1 0 
1 149.3000000000001 -167.49999999999994 -0.70710678118654768 0.70710678118654735 
8 -40.637500000000003 -1.1374999999999333
1 -1.1374999999999333 -593.20000000000005 -1 -1.1102230246251564e-16 
8 -40.637500000000003 -1.1374999999999333
1 -2.8284271247461916 1.1374999999999993 1.7431527984210495e-32 -1 
1 -1.1374999999999973 -18.199999999999996 -1 -1.1102230246251565e-16 
8 -212.55629842467636 -206.89944417518387
1 -146.30000000000007 -442.89999999999998 -0.70710678118654735 0.70710678118654768 
8 -212.55629842467636 -206.89944417518387
1 209.72787129993 2.2749999999999986 1 0 
1 -146.30000000000004 -168.49999999999997 -0.70710678118654768 -0.70710678118654735 
8 -18.612500000000065 20.887500000000003
1 20.887499999999935 -589.20000000000005 -1 1.1102230246251564e-16 
8 -18.612500000000065 20.887500000000003
1 2.8284271247461885 20.887499999999999 -1.7431527984210495e-32 1 
1 20.887499999999996 -22.199999999999996 -1 1.1102230246251565e-16 
1 0 0 -1.1102230246251565e-16 -1 
1 35 6.6613381477509392e-16 2.2204460492503131e-16 -1 
8 -212.73307511997291 -163.23560043691452
1 150.42500000000004 -444.27499999999998 0.70710678118654746 0.70710678118654757 
8 -212.73307511997291 -163.23560043691452
1 -207.78332765166698 -43.274999999999999 -1 0 
1 150.42500000000007 -259.77499999999998 0.70710678118654735 0.70710678118654768 
8 -21.63750000000006 -20.137499999999992
1 21.63750000000006 -559.70000000000005 1 1.1102230246251564e-16 
8 -21.63750000000006 -20.137499999999992
1 -44.547727214752491 -21.637499999999999 1.7431527984210492e-32 1 
1 21.637499999999957 -375.19999999999999 1 -1.1102230246251565e-16 
8 -205.30845391751416 -165.71047417106735
1 145.17500000000004 -442.52499999999998 0.70710678118654746 0.70710678118654757 
8 -205.30845391751416 -165.71047417106735
1 -210.25820138581989 -41.774999999999999 -1 0 
1 145.17500000000007 -258.02499999999998 0.70710678118654735 0.70710678118654768 
8 1.1374999999999966 40.637500000000067
1 -1.1375000000000646 -587.70000000000005 1 -1.1102230246251564e-16 
8 1.1374999999999966 40.637500000000067
1 -4.9497474683058327 -1.1374999999999993 -1.7431527984210492e-32 -1 
1 -1.1374999999999544 -403.19999999999999 1 1.1102230246251565e-16 
8 200.00515305861498 207.07622087048054
1 -141.42500000000004 -441.27500000000003 0.70710678118654746 -0.70710678118654757 
8 200.00515305861498 207.07622087048054
1 -212.02596833878624 -2.2749999999999986 1 0 
1 -141.42500000000001 -256.77499999999998 0.70710678118654735 -0.70710678118654768 
8 0.38749999999999651 1.8875000000000648
1 -0.38750000000006485 -582.70000000000005 1 -1.1102230246251564e-16 
8 0.38749999999999651 1.8875000000000648
1 -12.020815280171307 -0.38750000000000018 -1.7431527984210492e-32 -1 
1 -0.38749999999995599 -398.19999999999999 1 1.1102230246251565e-16 
8 -211.14208486230311 -196.29284245738552
1 149.30000000000004 -443.90000000000003 0.70710678118654746 0.70710678118654757 
8 -211.14208486230311 -196.29284245738552
1 -208.31365773755687 -0.77499999999999991 -1 0 
1 149.30000000000001 -259.39999999999998 0.70710678118654735 0.70710678118654768 
1 425.70000000000005 241.20000000000002 -0.70710678118654746 -0.70710678118654757 
8 -2.612500000000002 3.3875000000000659
1 2.6124999999999341 -593.20000000000005 1 -1.1102230246251564e-16 
8 -2.612500000000002 3.3875000000000659
1 2.8284271247461898 2.6124999999999998 -1.7431527984210492e-32 -1 
1 2.6125000000000451 -408.69999999999999 1 1.1102230246251565e-16 
8 200.00515305861498 214.85439546353257
1 -141.42500000000004 -441.27500000000003 0.70710678118654746 -0.70710678118654757 
8 200.00515305861498 214.85439546353257
1 -212.02596833878624 5.2249999999999996 1 0 
1 -141.42500000000001 -256.77499999999998 0.70710678118654735 -0.70710678118654768 
1 423.07500000000005 238.57500000000002 0.70710678118654746 0.70710678118654757 
8 -3.3625000000000029 -1.862499999999935
1 3.362499999999935 -582.70000000000005 1 -1.1102230246251564e-16 
8 -3.3625000000000029 -1.862499999999935
1 -12.020815280171307 3.3624999999999998 -1.7431527984210492e-32 -1 
1 3.3625000000000442 -398.19999999999999 1 1.1102230246251565e-16 
8 200.00515305861498 216.97571580709223
1 -141.42500000000004 -441.27500000000003 0.70710678118654746 -0.70710678118654757 
8 200.00515305861498 216.97571580709223
1 -212.02596833878624 6.7250000000000014 1 0 
1 -141.42500000000001 -256.77499999999998 0.70710678118654735 -0.70710678118654768 
8 1.1374999999999973 40.637500000000067
1 -1.1375000000000652 -593.20000000000005 1 -1.1102230246251564e-16 
8 1.1374999999999973 40.637500000000067
1 2.8284271247461898 -1.1374999999999993 -1.7431527984210492e-32 -1 
1 -1.137499999999954 -408.69999999999999 1 1.1102230246251565e-16 
8 206.89944417518382 212.5562984246763
1 -146.30000000000004 -442.90000000000003 0.70710678118654746 -0.70710678118654757 
8 206.89944417518382 212.5562984246763
1 -209.72787129992994 -2.2749999999999986 1 0 
1 -146.30000000000001 -258.39999999999998 0.70710678118654735 -0.70710678118654768 
8 -20.887500000000063 18.612500000000008
1 20.887500000000063 -589.20000000000005 1 1.1102230246251564e-16 
8 -20.887500000000063 18.612500000000008
1 -2.8284271247461898 -20.887499999999999 1.7431527984210492e-32 1 
1 20.887499999999953 -404.69999999999999 1 -1.1102230246251565e-16 
8 -211.14208486230311 -205.48523061281071
1 149.30000000000004 -443.90000000000003 0.70710678118654746 0.70710678118654757 
8 -211.14208486230311 -205.48523061281071
1 -208.31365773755687 -41.774999999999999 -1 0 
1 149.30000000000001 -259.39999999999998 0.70710678118654735 0.70710678118654768 
1 7.8886090522101181e-31 3.5527136788005009e-15 -2.2204460492503131e-16 -1 
1 0 0 1.1102230246251565e-16 -1 
1 28 2.6645352591003757e-15 2.2204460492503131e-16 -1 
1 1.5 -1.6653345369377348e-16 -1.1102230246251565e-16 -1 
1 39.5 8.3266726846886741e-16 1.1102230246251565e-16 -1 
1 -7.8886090522101181e-31 3.5527136788005009e-15 2.2204460492503131e-16 -1 
1 5 2.4424906541753444e-15 -2.2204460492503131e-16 -1 
1 0 0 1.1102230246251565e-16 -1 
1 1.4999999999999996 1.6653345369377343e-16 1.1102230246251565e-16 -1 
1 7.8886090522101181e-31 3.5527136788005009e-15 -2.2204460492503131e-16 -1 
1 10.5 2.3314683517128287e-15 2.2204460492503131e-16 -1 
1 -4.4408920985006262e-16 -4.9303806576313238e-32 1.1102230246251565e-16 -1 
1 564.5 -18.199999999999999 0 1 
1 6 6.6613381477509392e-16 1.1102230246251565e-16 -1 
1 0 0 2.2204460492503131e-16 -1 
1 575 -18.199999999999999 0 1 
1 10.5 -2.3314683517128287e-15 -2.2204460492503131e-16 -1 
1 0 0 1.1102230246251565e-16 -1 
1 575 -18.199999999999999 0 1 
1 1.5 1.6653345369377348e-16 1.1102230246251565e-16 -1 
1 0 -0 -2.2204460492503131e-16 -1 
1 564.5 -18.199999999999999 0 1 
1 4 8.8817841970012523e-16 2.2204460492503131e-16 -1 
1 0 0 -1.1102230246251565e-16 -1 
1 0 0 2.2204460492503131e-16 -1 
1 39.5 8.3266726846886741e-16 1.1102230246251565e-16 -1 
1 4 -8.8817841970012523e-16 -2.2204460492503131e-16 -1 
1 0 0 1.1102230246251565e-16 -1 
1 39.5 -8.3266726846886741e-16 -1.1102230246251565e-16 -1 
1 0 -0 -2.2204460492503131e-16 -1 
1 0 0 1 0 
1 0 0 1 0 
1 4.4500000000000002 0 0 -1 
1 0 0 0 1 
1 0 -386.5 1 0 
1 0 0 1 0 
1 0 0 0 -1 
1 0 0 0 1 
1 0.36499999999999999 0 0 -1 
1 1.25 0 0 -1 
1 0 0 0 1 
1 0 0 1 0 
1 0.36499999999999999 0 0 1 
1 1.25 0 0 1 
1 0 0 1 0 
1 0 571 1 0 
1 4.4500000000000002 0 0 1 
1 0 0 1 0 
1 4.4500000000000002 0 0 1 
1 0 386.5 1 0 
1 4.4500000000000002 0 0 -1 
1 571 0 0 1 
8 -373.75 -4.25
1 5.2249999999999996 4.25 0 1 
8 -373.75 -4.25
1 8.5 4.25 0 -1 
8 4.25 558.25
1 5.2249999999999996 -4.25 0 1 
8 4.25 558.25
1 4.25 8.5 1 0 
8 -373.75 -4.25
1 5.2249999999999996 4.25 0 1 
8 -373.75 -4.25
1 562.5 4.25 0 -1 
8 4.25 558.25
1 5.2249999999999996 -4.25 0 1 
8 4.25 558.25
1 4.25 378 1 0 
1 0 0 0 1 
1 0 386.5 1 0 
1 0.36499999999999999 0 0 1 
1 1.25 0 0 1 
1 0 -386.5 1 0 
1 0 571 1 0 
1 0 0 0 -1 
1 571 0 0 1 
1 0.36499999999999999 0 0 -1 
1 1.25 0 0 -1 
1 0 0 0 -1 
1 0 0 0 1 
1 8.5 8.5 0 1 
1 0.36499999999999999 0 0 -1 
1 0 0 0 1 
1 0 0 1 0 
1 8.5 8.5 1 0 
1 0.36499999999999999 0 0 1 
1 0 0 0 -1 
1 554 0 0 1 
1 562.5 8.5 0 1 
1 0.36499999999999999 0 0 -1 
1 0 0 0 1 
1 0 369.5 1 0 
1 8.5 378 1 0 
1 0.36499999999999999 0 0 1 
1 0 0 1 0 
1 0 0 1 0 
1 0 -369.5 1 0 
1 0 0 1 0 
1 0 0 1 0 
1 0 554 1 0 
1 0 -369.5 1 0 
1 0 554 1 0 
1 0 0 1 0 
1 0 0 1 0 
1 3.2000000000000002 0 0 -1 
1 0 0 0 1 
1 1.5 1.5 0 1 
1 0 -182 1 0 
1 0 0 1 0 
1 0 0 0 -1 
1 0 0 0 1 
1 1.5 1.5 0 1 
1 0.36499999999999999 0 0 -1 
1 0 0 1 0 
1 0 182 1 0 
1 3.2000000000000002 0 0 -1 
1 182 0 0 1 
1 183.5 1.5 0 1 
1 0 -182 1 0 
1 0 182 1 0 
1 0 0 0 -1 
1 182 0 0 1 
1 183.5 1.5 0 1 
1 0.36499999999999999 0 0 -1 
1 0 0 0 1 
1 0 0 1 0 
1 1.5 1.5 1 0 
1 0.36499999999999999 0 0 1 
1 3.2000000000000002 0 0 1 
1 0 0 1 0 
1 1.5 1.5 1 0 
1 0 0 0 1 
1 0 182 1 0 
1 1.5 183.5 1 0 
1 0.36499999999999999 0 0 1 
1 3.2000000000000002 0 0 1 
1 0 182 1 0 
1 1.5 183.5 1 0 
1 0 0 1 0 
1 0 0 1 0 
1 3.2000000000000002 0 0 -1 
1 0 0 0 1 
1 1.5 186 0 1 
1 0 -182 1 0 
1 0 0 1 0 
1 0 0 0 -1 
1 0 0 0 1 
1 1.5 186 0 1 
1 0.36499999999999999 0 0 -1 
1 0 0 1 0 
1 0 182 1 0 
1 3.2000000000000002 0 0 -1 
1 182 0 0 1 
1 183.5 186 0 1 
1 0 -182 1 0 
1 0 182 1 0 
1 0 0 0 -1 
1 182 0 0 1 
1 183.5 186 0 1 
1 0.36499999999999999 0 0 -1 
1 0 0 0 1 
1 0 0 1 0 
1 1.5 186 1 0 
1 0.36499999999999999 0 0 1 
1 3.2000000000000002 0 0 1 
1 0 0 1 0 
1 1.5 186 1 0 
1 0 0 0 1 
1 0 182 1 0 
1 1.5 368 1 0 
1 0.36499999999999999 0 0 1 
1 3.2000000000000002 0 0 1 
1 0 182 1 0 
1 1.5 368 1 0 
1 0 0 1 0 
1 0 0 1 0 
1 3.2000000000000002 0 0 -1 
1 0 0 0 1 
1 186 1.5 0 1 
1 0 -182 1 0 
1 0 0 1 0 
1 0 0 0 -1 
1 0 0 0 1 
1 186 1.5 0 1 
1 0.36499999999999999 0 0 -1 
1 0 0 1 0 
1 0 182 1 0 
1 3.2000000000000002 0 0 -1 
1 182 0 0 1 
1 368 1.5 0 1 
1 0 -182 1 0 
1 0 182 1 0 
1 0 0 0 -1 
1 182 0 0 1 
1 368 1.5 0 1 
1 0.36499999999999999 0 0 -1 
1 0 0 0 1 
1 0 0 1 0 
1 186 1.5 1 0 
1 0.36499999999999999 0 0 1 
1 3.2000000000000002 0 0 1 
1 0 0 1 0 
1 186 1.5 1 0 
1 0 0 0 1 
1 0 182 1 0 
1 186 183.5 1 0 
1 0.36499999999999999 0 0 1 
1 3.2000000000000002 0 0 1 
1 0 182 1 0 
1 186 183.5 1 0 
1 0 0 1 0 
1 0 0 1 0 
1 3.2000000000000002 0 0 -1 
1 0 0 0 1 
1 186 186 0 1 
1 0 -182 1 0 
1 0 0 1 0 
1 0 0 0 -1 
1 0 0 0 1 
1 186 186 0 1 
1 0.36499999999999999 0 0 -1 
1 0 0 1 0 
1 0 182 1 0 
1 3.2000000000000002 0 0 -1 
1 182 0 0 1 
1 368 186 0 1 
1 0 -182 1 0 
1 0 182 1 0 
1 0 0 0 -1 
1 182 0 0 1 
1 368 186 0 1 
1 0.36499999999999999 0 0 -1 
1 0 0 0 1 
1 0 0 1 0 
1 186 186 1 0 
1 0.36499999999999999 0 0 1 
1 3.2000000000000002 0 0 1 
1 0 0 1 0 
1 186 186 1 0 
1 0 0 0 1 
1 0 182 1 0 
1 186 368 1 0 
1 0.36499999999999999 0 0 1 
1 3.2000000000000002 0 0 1 
1 0 182 1 0 
1 186 368 1 0 
1 0 0 1 0 
1 0 0 1 0 
1 3.2000000000000002 0 0 -1 
1 0 0 0 1 
1 370.5 1.5 0 1 
1 0 -182 1 0 
1 0 0 1 0 
1 0 0 0 -1 
1 0 0 0 1 
1 370.5 1.5 0 1 
1 0.36499999999999999 0 0 -1 
1 0 0 1 0 
1 0 182 1 0 
1 3.2000000000000002 0 0 -1 
1 182 0 0 1 
1 552.5 1.5 0 1 
1 0 -182 1 0 
1 0 182 1 0 
1 0 0 0 -1 
1 182 0 0 1 
1 552.5 1.5 0 1 
1 0.36499999999999999 0 0 -1 
1 0 0 0 1 
1 0 0 1 0 
1 370.5 1.5 1 0 
1 0.36499999999999999 0 0 1 
1 3.2000000000000002 0 0 1 
1 0 0 1 0 
1 370.5 1.5 1 0 
1 0 0 0 1 
1 0 182 1 0 
1 370.5 183.5 1 0 
1 0.36499999999999999 0 0 1 
1 3.2000000000000002 0 0 1 
1 0 182 1 0 
1 370.5 183.5 1 0 
1 0 0 1 0 
1 0 0 1 0 
1 3.2000000000000002 0 0 -1 
1 0 0 0 1 
1 370.5 186 0 1 
1 0 -182 1 0 
1 0 0 1 0 
1 0 0 0 -1 
1 0 0 0 1 
1 370.5 186 0 1 
1 0.36499999999999999 0 0 -1 
1 0 0 1 0 
1 0 182 1 0 
1 3.2000000000000002 0 0 -1 
1 182 0 0 1 
1 552.5 186 0 1 
1 0 -182 1 0 
1 0 182 1 0 
1 0 0 0 -1 
1 182 0 0 1 
1 552.5 186 0 1 
1 0.36499999999999999 0 0 -1 
1 0 0 0 1 
1 0 0 1 0 
1 370.5 186 1 0 
1 0.36499999999999999 0 0 1 
1 3.2000000000000002 0 0 1 
1 0 0 1 0 
1 370.5 186 1 0 
1 0 0 0 1 
1 0 182 1 0 
1 370.5 368 1 0 
1 0.36499999999999999 0 0 1 
1 3.2000000000000002 0 0 1 
1 0 182 1 0 
1 370.5 368 1 0 
1 0 0 1 0 
1 0 0 1 0 
1 0.88500000000000001 0 1 0 
1 0.88500000000000001 0 1 0 
1 0 -386.5 1 0 
1 0 0 1 0 
1 0.88500000000000001 -386.5 1 0 
1 0.88500000000000001 0 1 0 
1 0 0 0 -1 
1 0 0 0 1 
1 0.17000000000000004 0 0 -1 
1 0.88500000000000001 0 0 -1 
1 0 0 0 1 
1 0 0 1 0 
1 0.17000000000000004 0 0 1 
1 0.88500000000000001 0 0 1 
1 0 0 1 0 
1 0 571 1 0 
1 0.88500000000000001 571 1 0 
1 0.88500000000000001 0 1 0 
1 0 0 0 1 
1 0 386.5 1 0 
1 0.17000000000000004 0 0 1 
1 0.88500000000000001 0 0 1 
1 0 -386.5 1 0 
1 0 571 1 0 
1 0.88500000000000001 571 1 0 
1 0.88500000000000001 -386.5 1 0 
1 0 0 0 -1 
1 571 0 0 1 
1 0.17000000000000004 0 0 -1 
1 0.88500000000000001 0 0 -1 
1 0 0 0 -1 
1 0 0 0 1 
1 8.5 8.5 0 1 
1 0.17000000000000004 0 0 -1 
1 0 0 0 1 
1 0 0 1 0 
1 8.5 8.5 1 0 
1 0.17000000000000004 0 0 1 
1 0 0 0 -1 
1 554 0 0 1 
1 562.5 8.5 0 1 
1 0.17000000000000004 0 0 -1 
1 0 0 0 1 
1 0 369.5 1 0 
1 8.5 378 1 0 
1 0.17000000000000004 0 0 1 
1 0 0 1 0 
1 0 0 1 0 
1 0 -369.5 1 0 
1 0 0 1 0 
1 0 0 1 0 
1 0 554 1 0 
1 0 -369.5 1 0 
1 0 554 1 0 
1 0 0 1 0 
1 0 0 1 0 
1 0 -182 1 0 
1 0 0 1 0 
1 0 0 0 -1 
1 0 0 0 1 
1 1.5 1.5 0 1 
1 0.17000000000000004 0 0 -1 
1 0 0 1 0 
1 0 182 1 0 
1 0 -182 1 0 
1 0 182 1 0 
1 0 0 0 -1 
1 182 0 0 1 
1 183.5 1.5 0 1 
1 0.17000000000000004 0 0 -1 
1 0 0 0 1 
1 0 0 1 0 
1 1.5 1.5 1 0 
1 0.17000000000000004 0 0 1 
1 0 0 0 1 
1 0 182 1 0 
1 1.5 183.5 1 0 
1 0.17000000000000004 0 0 1 
1 0 0 1 0 
1 0 0 1 0 
1 0 -182 1 0 
1 0 0 1 0 
1 0 0 0 -1 
1 0 0 0 1 
1 1.5 186 0 1 
1 0.17000000000000004 0 0 -1 
1 0 0 1 0 
1 0 182 1 0 
1 0 -182 1 0 
1 0 182 1 0 
1 0 0 0 -1 
1 182 0 0 1 
1 183.5 186 0 1 
1 0.17000000000000004 0 0 -1 
1 0 0 0 1 
1 0 0 1 0 
1 1.5 186 1 0 
1 0.17000000000000004 0 0 1 
1 0 0 0 1 
1 0 182 1 0 
1 1.5 368 1 0 
1 0.17000000000000004 0 0 1 
1 0 0 1 0 
1 0 0 1 0 
1 0 -182 1 0 
1 0 0 1 0 
1 0 0 0 -1 
1 0 0 0 1 
1 186 1.5 0 1 
1 0.17000000000000004 0 0 -1 
1 0 0 1 0 
1 0 182 1 0 
1 0 -182 1 0 
1 0 182 1 0 
1 0 0 0 -1 
1 182 0 0 1 
1 368 1.5 0 1 
1 0.17000000000000004 0 0 -1 
1 0 0 0 1 
1 0 0 1 0 
1 186 1.5 1 0 
1 0.17000000000000004 0 0 1 
1 0 0 0 1 
1 0 182 1 0 
1 186 183.5 1 0 
1 0.17000000000000004 0 0 1 
1 0 0 1 0 
1 0 0 1 0 
1 0 -182 1 0 
1 0 0 1 0 
1 0 0 0 -1 
1 0 0 0 1 
1 186 186 0 1 
1 0.17000000000000004 0 0 -1 
1 0 0 1 0 
1 0 182 1 0 
1 0 -182 1 0 
1 0 182 1 0 
1 0 0 0 -1 
1 182 0 0 1 
1 368 186 0 1 
1 0.17000000000000004 0 0 -1 
1 0 0 0 1 
1 0 0 1 0 
1 186 186 1 0 
1 0.17000000000000004 0 0 1 
1 0 0 0 1 
1 0 182 1 0 
1 186 368 1 0 
1 0.17000000000000004 0 0 1 
1 0 0 1 0 
1 0 0 1 0 
1 0 -182 1 0 
1 0 0 1 0 
1 0 0 0 -1 
1 0 0 0 1 
1 370.5 1.5 0 1 
1 0.17000000000000004 0 0 -1 
1 0 0 1 0 
1 0 182 1 0 
1 0 -182 1 0 
1 0 182 1 0 
1 0 0 0 -1 
1 182 0 0 1 
1 552.5 1.5 0 1 
1 0.17000000000000004 0 0 -1 
1 0 0 0 1 
1 0 0 1 0 
1 370.5 1.5 1 0 
1 0.17000000000000004 0 0 1 
1 0 0 0 1 
1 0 182 1 0 
1 370.5 183.5 1 0 
1 0.17000000000000004 0 0 1 
1 0 0 1 0 
1 0 0 1 0 
1 0 -182 1 0 
1 0 0 1 0 
1 0 0 0 -1 
1 0 0 0 1 
1 370.5 186 0 1 
1 0.17000000000000004 0 0 -1 
1 0 0 1 0 
1 0 182 1 0 
1 0 -182 1 0 
1 0 182 1 0 
1 0 0 0 -1 
1 182 0 0 1 
1 552.5 186 0 1 
1 0.17000000000000004 0 0 -1 
1 0 0 0 1 
1 0 0 1 0 
1 370.5 186 1 0 
1 0.17000000000000004 0 0 1 
1 0 0 0 1 
1 0 182 1 0 
1 370.5 368 1 0 
1 0.17000000000000004 0 0 1 
1 0 0 1 0 
1 0 0 1 0 
1 0.34999999999999998 0 1 0 
1 0.34999999999999998 0 1 0 
1 0 0 0 -1 
1 0 0 0 1 
1 0.36499999999999999 0 0 -1 
1 0.71499999999999997 0 0 -1 
1 0 -386.5 1 0 
1 0 0 1 0 
1 0.34999999999999998 -386.5 1 0 
1 0.34999999999999998 0 1 0 
1 0 0 0 -1 
1 0 0 0 1 
1 0.34999999999999998 0 0 -1 
1 0.34999999999999998 0 0 -1 
1 0 0 0 1 
1 0 0 1 0 
1 0.34999999999999998 0 0 1 
1 0.34999999999999998 0 0 1 
1 0 0 1 0 
1 0 571 1 0 
1 0.34999999999999998 571 1 0 
1 0.34999999999999998 0 1 0 
1 0 0 0 1 
1 0 0 1 0 
1 0.36499999999999999 0 0 1 
1 0.71499999999999997 0 0 1 
1 0 0 0 1 
1 0 386.5 1 0 
1 0.36499999999999999 0 0 1 
1 0.71499999999999997 0 0 1 
1 0 0 0 -1 
1 571 0 0 1 
1 0.36499999999999999 0 0 -1 
1 0.71499999999999997 0 0 -1 
1 0 0 0 -1 
1 0 0 0 1 
1 8.5 8.5 0 1 
1 0.36499999999999999 0 0 -1 
1 0 0 0 1 
1 0 0 1 0 
1 8.5 8.5 1 0 
1 0.36499999999999999 0 0 1 
1 0 0 0 -1 
1 554 0 0 1 
1 562.5 8.5 0 1 
1 0.36499999999999999 0 0 -1 
1 0 0 0 1 
1 0 369.5 1 0 
1 8.5 378 1 0 
1 0.36499999999999999 0 0 1 
1 0 0 0 1 
1 0 386.5 1 0 
1 0.34999999999999998 0 0 1 
1 0.34999999999999998 0 0 1 
1 0 -386.5 1 0 
1 0 571 1 0 
1 0.34999999999999998 571 1 0 
1 0.34999999999999998 -386.5 1 0 
1 0 0 0 -1 
1 571 0 0 1 
1 0.34999999999999998 0 0 -1 
1 0.34999999999999998 0 0 -1 
1 0 0 0 -1 
1 0 0 0 1 
1 8.5 8.5 0 1 
1 0.34999999999999998 0 0 -1 
1 0 0 0 1 
1 0 0 1 0 
1 8.5 8.5 1 0 
1 0.34999999999999998 0 0 1 
1 0 0 0 -1 
1 554 0 0 1 
1 562.5 8.5 0 1 
1 0.34999999999999998 0 0 -1 
1 0 0 0 1 
1 0 369.5 1 0 
1 8.5 378 1 0 
1 0.34999999999999998 0 0 1 
1 0 0 1 0 
1 0 0 1 0 
1 0 -369.5 1 0 
1 0 0 1 0 
1 0 0 1 0 
1 0 554 1 0 
1 0 -369.5 1 0 
1 0 554 1 0 
1 0 0 1 0 
1 0 0 1 0 
1 0 0 0 -1 
1 0 0 0 1 
1 1.5 1.5 0 1 
1 0.36499999999999999 0 0 -1 
1 0 -182 1 0 
1 0 0 1 0 
1 0 0 0 -1 
1 0 0 0 1 
1 1.5 1.5 0 1 
1 0.34999999999999998 0 0 -1 
1 0 0 1 0 
1 0 182 1 0 
1 0 0 0 -1 
1 182 0 0 1 
1 183.5 1.5 0 1 
1 0.36499999999999999 0 0 -1 
1 0 -182 1 0 
1 0 182 1 0 
1 0 0 0 -1 
1 182 0 0 1 
1 183.5 1.5 0 1 
1 0.34999999999999998 0 0 -1 
1 0 0 0 1 
1 0 0 1 0 
1 1.5 1.5 1 0 
1 0.34999999999999998 0 0 1 
1 0 0 0 1 
1 0 0 1 0 
1 1.5 1.5 1 0 
1 0.36499999999999999 0 0 1 
1 0 0 0 1 
1 0 182 1 0 
1 1.5 183.5 1 0 
1 0.34999999999999998 0 0 1 
1 0 0 0 1 
1 0 182 1 0 
1 1.5 183.5 1 0 
1 0.36499999999999999 0 0 1 
1 0 0 1 0 
1 0 0 1 0 
1 0 0 0 -1 
1 0 0 0 1 
1 1.5 186 0 1 
1 0.36499999999999999 0 0 -1 
1 0 -182 1 0 
1 0 0 1 0 
1 0 0 0 -1 
1 0 0 0 1 
1 1.5 186 0 1 
1 0.34999999999999998 0 0 -1 
1 0 0 1 0 
1 0 182 1 0 
1 0 0 0 -1 
1 182 0 0 1 
1 183.5 186 0 1 
1 0.36499999999999999 0 0 -1 
1 0 -182 1 0 
1 0 182 1 0 
1 0 0 0 -1 
1 182 0 0 1 
1 183.5 186 0 1 
1 0.34999999999999998 0 0 -1 
1 0 0 0 1 
1 0 0 1 0 
1 1.5 186 1 0 
1 0.34999999999999998 0 0 1 
1 0 0 0 1 
1 0 0 1 0 
1 1.5 186 1 0 
1 0.36499999999999999 0 0 1 
1 0 0 0 1 
1 0 182 1 0 
1 1.5 368 1 0 
1 0.34999999999999998 0 0 1 
1 0 0 0 1 
1 0 182 1 0 
1 1.5 368 1 0 
1 0.36499999999999999 0 0 1 
1 0 0 1 0 
1 0 0 1 0 
1 0 0 0 -1 
1 0 0 0 1 
1 186 1.5 0 1 
1 0.36499999999999999 0 0 -1 
1 0 -182 1 0 
1 0 0 1 0 
1 0 0 0 -1 
1 0 0 0 1 
1 186 1.5 0 1 
1 0.34999999999999998 0 0 -1 
1 0 0 1 0 
1 0 182 1 0 
1 0 0 0 -1 
1 182 0 0 1 
1 368 1.5 0 1 
1 0.36499999999999999 0 0 -1 
1 0 -182 1 0 
1 0 182 1 0 
1 0 0 0 -1 
1 182 0 0 1 
1 368 1.5 0 1 
1 0.34999999999999998 0 0 -1 
1 0 0 0 1 
1 0 0 1 0 
1 186 1.5 1 0 
1 0.34999999999999998 0 0 1 
1 0 0 0 1 
1 0 0 1 0 
1 186 1.5 1 0 
1 0.36499999999999999 0 0 1 
1 0 0 0 1 
1 0 182 1 0 
1 186 183.5 1 0 
1 0.34999999999999998 0 0 1 
1 0 0 0 1 
1 0 182 1 0 
1 186 183.5 1 0 
1 0.36499999999999999 0 0 1 
1 0 0 1 0 
1 0 0 1 0 
1 0 0 0 -1 
1 0 0 0 1 
1 186 186 0 1 
1 0.36499999999999999 0 0 -1 
1 0 -182 1 0 
1 0 0 1 0 
1 0 0 0 -1 
1 0 0 0 1 
1 186 186 0 1 
1 0.34999999999999998 0 0 -1 
1 0 0 1 0 
1 0 182 1 0 
1 0 0 0 -1 
1 182 0 0 1 
1 368 186 0 1 
1 0.36499999999999999 0 0 -1 
1 0 -182 1 0 
1 0 182 1 0 
1 0 0 0 -1 
1 182 0 0 1 
1 368 186 0 1 
1 0.34999999999999998 0 0 -1 
1 0 0 0 1 
1 0 0 1 0 
1 186 186 1 0 
1 0.34999999999999998 0 0 1 
1 0 0 0 1 
1 0 0 1 0 
1 186 186 1 0 
1 0.36499999999999999 0 0 1 
1 0 0 0 1 
1 0 182 1 0 
1 186 368 1 0 
1 0.34999999999999998 0 0 1 
1 0 0 0 1 
1 0 182 1 0 
1 186 368 1 0 
1 0.36499999999999999 0 0 1 
1 0 0 1 0 
1 0 0 1 0 
1 0 0 0 -1 
1 0 0 0 1 
1 370.5 1.5 0 1 
1 0.36499999999999999 0 0 -1 
1 0 -182 1 0 
1 0 0 1 0 
1 0 0 0 -1 
1 0 0 0 1 
1 370.5 1.5 0 1 
1 0.34999999999999998 0 0 -1 
1 0 0 1 0 
1 0 182 1 0 
1 0 0 0 -1 
1 182 0 0 1 
1 552.5 1.5 0 1 
1 0.36499999999999999 0 0 -1 
1 0 -182 1 0 
1 0 182 1 0 
1 0 0 0 -1 
1 182 0 0 1 
1 552.5 1.5 0 1 
1 0.34999999999999998 0 0 -1 
1 0 0 0 1 
1 0 0 1 0 
1 370.5 1.5 1 0 
1 0.34999999999999998 0 0 1 
1 0 0 0 1 
1 0 0 1 0 
1 370.5 1.5 1 0 
1 0.36499999999999999 0 0 1 
1 0 0 0 1 
1 0 182 1 0 
1 370.5 183.5 1 0 
1 0.34999999999999998 0 0 1 
1 0 0 0 1 
1 0 182 1 0 
1 370.5 183.5 1 0 
1 0.36499999999999999 0 0 1 
1 0 0 1 0 
1 0 0 1 0 
1 0 0 0 -1 
1 0 0 0 1 
1 370.5 186 0 1 
1 0.36499999999999999 0 0 -1 
1 0 -182 1 0 
1 0 0 1 0 
1 0 0 0 -1 
1 0 0 0 1 
1 370.5 186 0 1 
1 0.34999999999999998 0 0 -1 
1 0 0 1 0 
1 0 182 1 0 
1 0 0 0 -1 
1 182 0 0 1 
1 552.5 186 0 1 
1 0.36499999999999999 0 0 -1 
1 0 -182 1 0 
1 0 182 1 0 
1 0 0 0 -1 
1 182 0 0 1 
1 552.5 186 0 1 
1 0.34999999999999998 0 0 -1 
1 0 0 0 1 
1 0 0 1 0 
1 370.5 186 1 0 
1 0.34999999999999998 0 0 1 
1 0 0 0 1 
1 0 0 1 0 
1 370.5 186 1 0 
1 0.36499999999999999 0 0 1 
1 0 0 0 1 
1 0 182 1 0 
1 370.5 368 1 0 
1 0.34999999999999998 0 0 1 
1 0 0 0 1 
1 0 182 1 0 
1 370.5 368 1 0 
1 0.36499999999999999 0 0 1 
1 0 0 1 0 
1 0 0 1 0 
1 0.71499999999999997 0 1 0 
1 0.71499999999999997 0 1 0 
1 0 -386.5 1 0 
1 0 0 1 0 
1 0.71499999999999997 -386.5 1 0 
1 0.71499999999999997 0 1 0 
1 0 0 1 0 
1 0 571 1 0 
1 0.71499999999999997 571 1 0 
1 0.71499999999999997 0 1 0 
1 0 -386.5 1 0 
1 0 571 1 0 
1 0.71499999999999997 571 1 0 
1 0.71499999999999997 -386.5 1 0 
1 0 0 1 0 
1 0 0 1 0 
1 0 -369.5 1 0 
1 0 0 1 0 
1 0 0 1 0 
1 0 554 1 0 
1 0 -369.5 1 0 
1 0 554 1 0 
1 0 0 1 0 
1 0 0 1 0 
1 0 -182 1 0 
1 0 0 1 0 
1 0 0 1 0 
1 0 182 1 0 
1 0 -182 1 0 
1 0 182 1 0 
1 0 0 1 0 
1 0 0 1 0 
1 0 -182 1 0 
1 0 0 1 0 
1 0 0 1 0 
1 0 182 1 0 
1 0 -182 1 0 
1 0 182 1 0 
1 0 0 1 0 
1 0 0 1 0 
1 0 -182 1 0 
1 0 0 1 0 
1 0 0 1 0 
1 0 182 1 0 
1 0 -182 1 0 
1 0 182 1 0 
1 0 0 1 0 
1 0 0 1 0 
1 0 -182 1 0 
1 0 0 1 0 
1 0 0 1 0 
1 0 182 1 0 
1 0 -182 1 0 
1 0 182 1 0 
1 0 0 1 0 
1 0 0 1 0 
1 0 -182 1 0 
1 0 0 1 0 
1 0 0 1 0 
1 0 182 1 0 
1 0 -182 1 0 
1 0 182 1 0 
1 0 0 1 0 
1 0 0 1 0 
1 0 -182 1 0 
1 0 0 1 0 
1 0 0 1 0 
1 0 182 1 0 
1 0 -182 1 0 
1 0 182 1 0 
1 0 0 0 -1 
1 0 0 0 1 
1 0 0 0 1 
1 0 0 1 0 
1 0 0 0 1 
1 0 386.5 1 0 
1 0 0 0 -1 
1 571 0 0 1 
8 -373.75 -4.25
1 0.77499999999999991 4.25 0 1 
8 -373.75 -4.25
1 8.5 4.25 0 -1 
8 4.25 558.25
1 0.77499999999999991 -4.25 0 1 
8 4.25 558.25
1 4.25 8.5 1 0 
8 -373.75 -4.25
1 0.77499999999999991 4.25 0 1 
8 -373.75 -4.25
1 562.5 4.25 0 -1 
8 4.25 558.25
1 0.77499999999999991 -4.25 0 1 
8 4.25 558.25
1 4.25 378 1 0 
1 0 0 1 0 
1 0 0 1 0 
1 0 -369.5 1 0 
1 0 0 1 0 
1 0 0 1 0 
1 0 554 1 0 
1 0 -369.5 1 0 
1 0 554 1 0 
1 0 0 1 0 
1 0 0 1 0 
1 0 -182 1 0 
1 0 0 1 0 
1 0 0 0 -1 
1 0 0 0 1 
1 1.5 1.5 0 1 
1 0 0 1 0 
1 0 182 1 0 
1 0 -182 1 0 
1 0 182 1 0 
1 0 0 0 -1 
1 182 0 0 1 
1 183.5 1.5 0 1 
1 0 0 0 1 
1 0 0 1 0 
1 1.5 1.5 1 0 
1 0 0 0 1 
1 0 182 1 0 
1 1.5 183.5 1 0 
1 0 0 1 0 
1 0 0 1 0 
1 0 -182 1 0 
1 0 0 1 0 
1 0 0 0 -1 
1 0 0 0 1 
1 1.5 186 0 1 
1 0 0 1 0 
1 0 182 1 0 
1 0 -182 1 0 
1 0 182 1 0 
1 0 0 0 -1 
1 182 0 0 1 
1 183.5 186 0 1 
1 0 0 0 1 
1 0 0 1 0 
1 1.5 186 1 0 
1 0 0 0 1 
1 0 182 1 0 
1 1.5 368 1 0 
1 0 0 1 0 
1 0 0 1 0 
1 0 -182 1 0 
1 0 0 1 0 
1 0 0 0 -1 
1 0 0 0 1 
1 186 1.5 0 1 
1 0 0 1 0 
1 0 182 1 0 
1 0 -182 1 0 
1 0 182 1 0 
1 0 0 0 -1 
1 182 0 0 1 
1 368 1.5 0 1 
1 0 0 0 1 
1 0 0 1 0 
1 186 1.5 1 0 
1 0 0 0 1 
1 0 182 1 0 
1 186 183.5 1 0 
1 0 0 1 0 
1 0 0 1 0 
1 0 -182 1 0 
1 0 0 1 0 
1 0 0 0 -1 
1 0 0 0 1 
1 186 186 0 1 
1 0 0 1 0 
1 0 182 1 0 
1 0 -182 1 0 
1 0 182 1 0 
1 0 0 0 -1 
1 182 0 0 1 
1 368 186 0 1 
1 0 0 0 1 
1 0 0 1 0 
1 186 186 1 0 
1 0 0 0 1 
1 0 182 1 0 
1 186 368 1 0 
1 0 0 1 0 
1 0 0 1 0 
1 0 -182 1 0 
1 0 0 1 0 
1 0 0 0 -1 
1 0 0 0 1 
1 370.5 1.5 0 1 
1 0 0 1 0 
1 0 182 1 0 
1 0 -182 1 0 
1 0 182 1 0 
1 0 0 0 -1 
1 182 0 0 1 
1 552.5 1.5 0 1 
1 0 0 0 1 
1 0 0 1 0 
1 370.5 1.5 1 0 
1 0 0 0 1 
1 0 182 1 0 
1 370.5 183.5 1 0 
1 0 0 1 0 
1 0 0 1 0 
1 0 -182 1 0 
1 0 0 1 0 
1 0 0 0 -1 
1 0 0 0 1 
1 370.5 186 0 1 
1 0 0 1 0 
1 0 182 1 0 
1 0 -182 1 0 
1 0 182 1 0 
1 0 0 0 -1 
1 182 0 0 1 
1 552.5 186 0 1 
1 0 0 0 1 
1 0 0 1 0 
1 370.5 186 1 0 
1 0 0 0 1 
1 0 182 1 0 
1 370.5 368 1 0 
1 6 6.6613381477509392e-16 1.1102230246251565e-16 -1 
1 0 0 1.1102230246251565e-16 -1 
1 -18.199999999999999 -2.2204460492503131e-15 1 0 
1 10.5 -1.1657341758564144e-15 -1.1102230246251565e-16 -1 
1 0 -0 1.1102230246251565e-16 -1 
1 -18.199999999999999 -2.2204460492503131e-15 1 0 
1 1.5 1.6653345369377348e-16 1.1102230246251565e-16 -1 
1 0 0 -1.1102230246251565e-16 -1 
1 -18.199999999999999 10.499999999999998 1 0 
1 10.5 -1.1657341758564144e-15 -1.1102230246251565e-16 -1 
1 -0 0 -1.1102230246251565e-16 -1 
1 -18.199999999999999 390.5 1 0 
1 1.5 -1.6653345369377348e-16 -1.1102230246251565e-16 -1 
1 0 0 -1.1102230246251565e-16 -1 
1 -18.199999999999999 380 1 0 
1 6 -6.6613381477509392e-16 -1.1102230246251565e-16 -1 
1 0 -0 1.1102230246251565e-16 -1 
1 -18.199999999999999 390.5 1 0 
1 10.5 1.1657341758564144e-15 1.1102230246251565e-16 -1 
1 -4.4408920985006262e-16 -4.9303806576313238e-32 1.1102230246251565e-16 -1 
1 -18.199999999999999 10.499999999999998 1 0 
1 10.5 1.1657341758564144e-15 1.1102230246251565e-16 -1 
1 -4.4408920985006262e-16 4.9303806576313238e-32 -1.1102230246251565e-16 -1 
1 -18.199999999999999 380 1 0 
1 0 0 1 0 
1 0 0 1 0 
1 0 -369.5 1 0 
1 0 0 1 0 
1 0 0 1 0 
1 0 554 1 0 
1 0 -369.5 1 0 
1 0 554 1 0 
1 0 0 1 0 
1 0 0 1 0 
1 1.5 0 0 -1 
1 0 0 0 1 
1 5.5000000000000222 -185.09999999999999 1 1.1102230246251565e-16 
1 0 -10 1 0 
1 0 0 1 0 
1 0 0 0 -1 
1 0 0 0 1 
1 12.500000000000023 -185.09999999999999 1 1.1102230246251565e-16 
1 0 0 1 0 
1 0 10 1 0 
1 1.5 0 0 -1 
1 10 0 0 1 
1 5.5000000000000231 -195.09999999999999 1 1.1102230246251565e-16 
1 0 -10 1 0 
1 0 10 1 0 
1 0 0 0 -1 
1 10 0 0 1 
1 12.500000000000023 -195.09999999999999 1 1.1102230246251565e-16 
1 0 0 0 1 
1 0 0 1 0 
1 12.500000000000023 -185.09999999999999 1.1102230246251565e-16 -1 
1 1.5 0 0 1 
1 0 0 1 0 
1 5.5000000000000222 -185.09999999999999 1.1102230246251565e-16 -1 
1 0 0 0 1 
1 0 10 1 0 
1 22.500000000000025 -185.09999999999999 1.1102230246251565e-16 -1 
1 1.5 0 0 1 
1 0 10 1 0 
1 15.500000000000023 -185.09999999999999 1.1102230246251565e-16 -1 
1 0 0 1 0 
1 0 0 1 0 
1 1.5 0 0 -1 
1 0 0 0 1 
1 5.500000000000048 -416.29999999999995 1 1.1102230246251565e-16 
1 0 -10 1 0 
1 0 0 1 0 
1 0 0 0 -1 
1 0 0 0 1 
1 12.500000000000048 -416.29999999999995 1 1.1102230246251565e-16 
1 0 0 1 0 
1 0 10 1 0 
1 1.5 0 0 -1 
1 10 0 0 1 
1 5.5000000000000488 -426.29999999999995 1 1.1102230246251565e-16 
1 0 -10 1 0 
1 0 10 1 0 
1 0 0 0 -1 
1 10 0 0 1 
1 12.50000000000005 -426.29999999999995 1 1.1102230246251565e-16 
1 0 0 0 1 
1 0 0 1 0 
1 12.500000000000048 -416.29999999999995 1.1102230246251565e-16 -1 
1 1.5 0 0 1 
1 0 0 1 0 
1 5.500000000000048 -416.29999999999995 1.1102230246251565e-16 -1 
1 0 0 0 1 
1 0 10 1 0 
1 22.50000000000005 -416.29999999999995 1.1102230246251565e-16 -1 
1 1.5 0 0 1 
1 0 10 1 0 
1 15.500000000000048 -416.29999999999995 1.1102230246251565e-16 -1 
1 0 0 1 0 
1 0 0 1 0 
1 1.5 0 0 -1 
1 0 0 0 1 
1 15.500000000000021 -185.10000000000002 -1 -1.1102230246251565e-16 
1 0 -10 1 0 
1 0 0 1 0 
1 0 0 0 -1 
1 0 0 0 1 
1 22.500000000000021 -185.10000000000002 -1 -1.1102230246251565e-16 
1 0 0 1 0 
1 0 10 1 0 
1 1.5 0 0 -1 
1 10 0 0 1 
1 15.500000000000021 -195.10000000000002 -1 -1.1102230246251565e-16 
1 0 -10 1 0 
1 0 10 1 0 
1 0 0 0 -1 
1 10 0 0 1 
1 22.500000000000021 -195.10000000000002 -1 -1.1102230246251565e-16 
1 0 0 0 1 
1 0 0 1 0 
1 22.500000000000021 -185.10000000000002 1.1102230246251565e-16 -1 
1 1.5 0 0 1 
1 0 0 1 0 
1 15.500000000000021 -185.10000000000002 1.1102230246251565e-16 -1 
1 0 0 0 1 
1 0 10 1 0 
1 12.500000000000021 -185.10000000000002 1.1102230246251565e-16 -1 
1 1.5 0 0 1 
1 0 10 1 0 
1 5.5000000000000204 -185.10000000000002 1.1102230246251565e-16 -1 
1 0 0 1 0 
1 0 0 1 0 
1 1.5 0 0 -1 
1 0 0 0 1 
1 15.500000000000046 -416.29999999999995 -1 -1.1102230246251565e-16 
1 0 -10 1 0 
1 0 0 1 0 
1 0 0 0 -1 
1 0 0 0 1 
1 22.500000000000046 -416.29999999999995 -1 -1.1102230246251565e-16 
1 0 0 1 0 
1 0 10 1 0 
1 1.5 0 0 -1 
1 10 0 0 1 
1 15.500000000000048 -426.29999999999995 -1 -1.1102230246251565e-16 
1 0 -10 1 0 
1 0 10 1 0 
1 0 0 0 -1 
1 10 0 0 1 
1 22.500000000000046 -426.29999999999995 -1 -1.1102230246251565e-16 
1 0 0 0 1 
1 0 0 1 0 
1 22.500000000000046 -416.29999999999995 1.1102230246251565e-16 -1 
1 1.5 0 0 1 
1 0 0 1 0 
1 15.500000000000046 -416.29999999999995 1.1102230246251565e-16 -1 
1 0 0 0 1 
1 0 10 1 0 
1 12.500000000000046 -416.29999999999995 1.1102230246251565e-16 -1 
1 1.5 0 0 1 
1 0 10 1 0 
1 5.5000000000000462 -416.29999999999995 1.1102230246251565e-16 -1 
1 50 1.9984014443252818e-15 1.1102230246251565e-16 -1 
1 0 0 1.1102230246251565e-16 -1 
1 0 -0 1.1102230246251565e-16 -1 
1 11.999999999999998 -1.3322676295501877e-15 -1.1102230246251565e-16 -1 
1 0 -0 -1.1102230246251565e-16 -1 
1 35 3.3306690738754696e-16 1.1102230246251565e-16 -1 
1 -1.7763568394002505e-15 1.9721522630525295e-31 -1.1102230246251565e-16 -1 
1 0 -0 1.1102230246251565e-16 -1 
1 1.4999999999999996 1.6653345369377343e-16 1.1102230246251565e-16 -1 
1 -1.7763568394002505e-15 1.9721522630525295e-31 -1.1102230246251565e-16 -1 
1 4.9999999999999982 -5.5511151231257807e-16 -1.1102230246251565e-16 -1 
1 0 -0 1.1102230246251565e-16 -1 
1 39.5 8.3266726846886741e-16 1.1102230246251565e-16 -1 
1 0 0 1.1102230246251565e-16 -1 
1 28 -4.4408920985006262e-16 1.1102230246251565e-16 -1 
1 1.5 -1.6653345369377348e-16 -1.1102230246251565e-16 -1 
1 4 4.4408920985006262e-16 1.1102230246251565e-16 -1 
1 0 -0 -1.1102230246251565e-16 -1 
1 0 0 1.1102230246251565e-16 -1 
1 39.5 8.3266726846886741e-16 1.1102230246251565e-16 -1 
1 39.5 -8.3266726846886741e-16 -1.1102230246251565e-16 -1 
1 0 0 -1.1102230246251565e-16 -1 
1 4 -4.4408920985006262e-16 -1.1102230246251565e-16 -1 
1 0 -0 1.1102230246251565e-16 -1 
1 50 -1.9984014443252818e-15 -1.1102230246251565e-16 -1 
1 0 -0 1.1102230246251565e-16 -1 
1 -0 0 -1.1102230246251565e-16 -1 
1 12 -1.3322676295501878e-15 -1.1102230246251565e-16 -1 
1 0 0 1.1102230246251565e-16 -1 
1 35 3.3306690738754696e-16 1.1102230246251565e-16 -1 
1 0 0 -1.1102230246251565e-16 -1 
1 -0 0 -1.1102230246251565e-16 -1 
1 1.4999999999999996 -1.6653345369377343e-16 -1.1102230246251565e-16 -1 
1 0 0 -1.1102230246251565e-16 -1 
1 5 -5.5511151231257827e-16 -1.1102230246251565e-16 -1 
1 -0 0 -1.1102230246251565e-16 -1 
1 39.5 -8.3266726846886741e-16 -1.1102230246251565e-16 -1 
1 0 -0 1.1102230246251565e-16 -1 
1 28 -4.4408920985006262e-16 1.1102230246251565e-16 -1 
1 1.5 1.6653345369377348e-16 1.1102230246251565e-16 -1 
1 39.5 8.3266726846886741e-16 1.1102230246251565e-16 -1 
1 0 0 -1.1102230246251565e-16 -1 
1 4 4.4408920985006262e-16 1.1102230246251565e-16 -1 
1 0 0 1.1102230246251565e-16 -1 
1 4 -4.4408920985006262e-16 -1.1102230246251565e-16 -1 
1 -0 0 -1.1102230246251565e-16 -1 
1 0 -0 1.1102230246251565e-16 -1 
1 39.5 -8.3266726846886741e-16 -1.1102230246251565e-16 -1 
Curves 528
1 -3.5000000000000009 -3.5000000000000022 3.3625000000000007 -1.2325951644078308e-32 -1.2325951644078309e-32 -1 
1 -3.5 -20.200000000000003 -43.274999999999999 0 1 0 
1 -3.4999999999999822 390 3.3625000000000007 -1.2325951644078312e-32 1.2325951644078309e-32 1 
1 -3.5 -20.199999999999999 6.7250000000000014 0 1 0 
1 -2.9249999999999932 -2.9249999999999945 6.7250000000000014 -0.70710678118654746 -0.70710678118654757 0 
1 8.4999999999999964 8.4999999999999982 3.3624999999999998 -1.2325951644078308e-32 -1.2325951644078309e-32 -1 
1 -2.9249999999999932 -2.9249999999999936 5.2249999999999996 -0.70710678118654746 -0.70710678118654757 0 
1 -2.0000000000000027 -2.0000000000000022 2.6124999999999998 -1.2325951644078308e-32 -1.2325951644078309e-32 -1 
1 -5.5499999999999936 -5.5499999999999945 -0.77499999999999991 0.70710678118654746 0.70710678118654757 -0 
1 8.4999999999999964 8.4999999999999982 -0.38750000000000018 -1.2325951644078308e-32 -1.2325951644078309e-32 -1 
1 -2.9249999999999932 -2.9249999999999945 -2.2749999999999986 -0.70710678118654746 -0.70710678118654757 0 
1 3.4999999999999964 3.4999999999999978 -1.1374999999999993 -1.2325951644078308e-32 -1.2325951644078309e-32 -1 
1 -4.1749999999999927 -4.1749999999999927 -41.774999999999999 0.70710678118654746 0.70710678118654757 -0 
1 31.499999999999986 31.499999999999996 -21.637499999999999 1.2325951644078308e-32 1.2325951644078309e-32 1 
1 -5.9249999999999927 -5.9249999999999936 -43.274999999999999 0.70710678118654746 0.70710678118654757 -0 
1 -5.5499999999999927 -5.5499999999999927 -41.774999999999999 0.70710678118654746 0.70710678118654757 -0 
1 1.999999999999996 1.9999999999999978 -20.887499999999999 1.2325951644078308e-32 1.2325951644078309e-32 1 
1 -4.5499999999999936 -4.5499999999999945 -2.2749999999999986 -0.70710678118654746 -0.70710678118654757 0 
1 -2.0000000000000027 -2.0000000000000022 -1.1374999999999993 -1.2325951644078308e-32 -1.2325951644078309e-32 -1 
1 31.5 -20.200000000000003 -43.274999999999999 0 1 0 
1 -5.9249999999999901 392.42500000000001 -43.274999999999999 -0.70710678118654757 0.70710678118654746 0 
1 -2.9249999999999745 389.42500000000001 6.7250000000000014 0.70710678118654757 -0.70710678118654746 -0 
1 8.500000000000048 378 3.3624999999999998 -1.2325951644078312e-32 1.2325951644078309e-32 1 
1 -2.9249999999999745 389.42500000000001 5.2249999999999996 0.70710678118654757 -0.70710678118654746 -0 
1 -1.9999999999999749 388.5 2.6124999999999998 -1.2325951644078312e-32 1.2325951644078309e-32 1 
1 -5.5499999999999856 392.05000000000001 -0.77499999999999991 -0.70710678118654757 0.70710678118654746 0 
1 8.500000000000048 378 -0.38750000000000018 -1.2325951644078312e-32 1.2325951644078309e-32 1 
1 -2.9249999999999745 389.42500000000001 -2.2749999999999986 0.70710678118654757 -0.70710678118654746 -0 
1 3.5000000000000075 383 -1.1374999999999993 -1.2325951644078312e-32 1.2325951644078309e-32 1 
1 -4.1749999999999963 390.67500000000001 -41.774999999999999 -0.70710678118654757 0.70710678118654746 0 
1 31.500000000000043 355 -21.637499999999999 1.2325951644078312e-32 -1.2325951644078309e-32 -1 
1 1.9999999999999996 384.5 -20.887499999999999 1.2325951644078312e-32 -1.2325951644078309e-32 -1 
1 -4.5499999999999972 391.04999999999995 -2.2749999999999986 0.70710678118654757 -0.70710678118654746 -0 
1 -1.9999999999999749 388.5 -1.1374999999999993 -1.2325951644078312e-32 1.2325951644078309e-32 1 
1 -5.5499999999999874 392.05000000000001 -41.774999999999999 -0.70710678118654757 0.70710678118654746 0 
1 8.5 -20.199999999999999 6.7249999999999996 0 1 0 
1 8.5 -20.199999999999999 5.2249999999999996 0 1 0 
1 -2 -20.199999999999999 5.2249999999999996 0 1 0 
1 -2 -20.199999999999999 -0.77499999999999991 0 1 0 
1 8.5 -20.199999999999999 -0.77499999999999991 0 1 0 
1 8.5 -20.199999999999999 -2.2749999999999999 0 1 0 
1 3.5 -20.199999999999999 -2.2749999999999986 0 1 0 
1 3.5 -20.200000000000003 -41.774999999999999 0 1 0 
1 31.5 -20.200000000000003 -41.774999999999999 0 1 0 
1 2 -20.199999999999999 -2.2749999999999986 0 1 0 
1 2 -20.200000000000003 -41.774999999999999 0 1 0 
1 -2 -20.199999999999999 -2.2749999999999986 0 1 0 
1 -2 -20.200000000000003 -41.774999999999999 0 1 0 
1 574.5 -3.5000000000000022 3.3625000000000007 -1.2325951644078312e-32 1.2325951644078309e-32 1 
1 574.5 -20.199999999999996 -43.274999999999999 0 1 0 
1 574.49999999999989 390 3.3625000000000007 -1.2325951644078308e-32 -1.2325951644078309e-32 -1 
1 574.5 -20.199999999999999 6.7250000000000014 0 1 0 
1 424.07499999999999 146.92499999999998 -43.274999999999999 0.70710678118654757 -0.70710678118654746 0 
1 539.5 31.499999999999996 -21.637499999999999 1.2325951644078312e-32 -1.2325951644078309e-32 -1 
1 422.32499999999999 148.67500000000001 -41.774999999999999 0.70710678118654757 -0.70710678118654746 0 
1 567.5 3.4999999999999978 -1.1374999999999993 -1.2325951644078312e-32 1.2325951644078309e-32 1 
1 421.07499999999993 149.92499999999998 -2.2749999999999986 -0.70710678118654757 0.70710678118654746 -0 
1 562.5 8.4999999999999982 -0.38750000000000018 -1.2325951644078312e-32 1.2325951644078309e-32 1 
1 423.69999999999993 147.29999999999998 -0.77499999999999991 0.70710678118654757 -0.70710678118654746 0 
1 573 -2.0000000000000022 2.6124999999999998 -1.2325951644078312e-32 1.2325951644078309e-32 1 
1 421.07499999999993 149.92499999999998 5.2249999999999996 -0.70710678118654757 0.70710678118654746 -0 
1 562.5 8.4999999999999982 3.3624999999999998 -1.2325951644078312e-32 1.2325951644078309e-32 1 
1 421.07499999999993 149.92499999999998 6.7250000000000014 -0.70710678118654757 0.70710678118654746 -0 
1 423.69999999999993 147.29999999999998 -41.774999999999999 0.70710678118654757 -0.70710678118654746 0 
1 573 -2.0000000000000022 -1.1374999999999993 -1.2325951644078312e-32 1.2325951644078309e-32 1 
1 422.69999999999999 148.30000000000001 -2.2749999999999986 -0.70710678118654757 0.70710678118654746 -0 
1 569 1.9999999999999978 -20.887499999999999 1.2325951644078312e-32 -1.2325951644078309e-32 -1 
1 539.5 -20.199999999999989 -43.274999999999999 0 1 0 
1 424.07499999999999 239.57500000000002 -43.274999999999999 -0.70710678118654746 -0.70710678118654757 -0 
1 539.5 355 -21.637499999999999 1.2325951644078308e-32 1.2325951644078309e-32 1 
1 422.32499999999999 237.82500000000002 -41.774999999999999 -0.70710678118654746 -0.70710678118654757 -0 
1 567.5 383 -1.1374999999999993 -1.2325951644078308e-32 -1.2325951644078309e-32 -1 
1 421.07500000000005 236.57500000000002 -2.2749999999999986 0.70710678118654746 0.70710678118654757 0 
1 562.5 378 -0.38750000000000018 -1.2325951644078308e-32 -1.2325951644078309e-32 -1 
1 423.70000000000005 239.20000000000002 -0.77499999999999991 -0.70710678118654746 -0.70710678118654757 -0 
1 573 388.5 2.6124999999999998 -1.2325951644078308e-32 -1.2325951644078309e-32 -1 
1 421.07500000000005 236.57500000000002 5.2249999999999996 0.70710678118654746 0.70710678118654757 0 
1 562.5 378 3.3624999999999998 -1.2325951644078308e-32 -1.2325951644078309e-32 -1 
1 421.07500000000005 236.57500000000002 6.7250000000000014 0.70710678118654746 0.70710678118654757 0 
1 573 388.5 -1.1374999999999993 -1.2325951644078308e-32 -1.2325951644078309e-32 -1 
1 422.70000000000005 238.20000000000002 -2.2749999999999986 0.70710678118654746 0.70710678118654757 0 
1 569 384.5 -20.887499999999999 1.2325951644078308e-32 1.2325951644078309e-32 1 
1 423.70000000000005 239.20000000000002 -41.774999999999999 -0.70710678118654746 -0.70710678118654757 -0 
1 562.5 -20.199999999999999 6.7249999999999996 0 1 0 
1 539.5 -20.199999999999989 -41.774999999999999 0 1 0 
1 567.5 -20.199999999999996 -41.774999999999999 0 1 0 
1 567.5 -20.199999999999999 -2.2749999999999986 0 1 0 
1 562.5 -20.199999999999999 -2.2749999999999999 0 1 0 
1 562.5 -20.199999999999999 -0.77499999999999991 0 1 0 
1 573 -20.199999999999999 -0.77499999999999991 0 1 0 
1 573 -20.199999999999999 5.2249999999999996 0 1 0 
1 562.5 -20.199999999999999 5.2249999999999996 0 1 0 
1 569 -20.199999999999996 -41.774999999999999 0 1 0 
1 573 -20.199999999999996 -41.774999999999999 0 1 0 
1 573 -20.199999999999999 -2.2749999999999986 0 1 0 
1 569 -20.199999999999999 -2.2749999999999986 0 1 0 
1 0 0 0 0 0 1 
1 0 0 4.4500000000000002 -0 1 0 
1 0 386.5 0 0 0 1 
1 0 0 1.25 -0 1 0 
1 0 0 1.25 1 0 -0 
1 571 0 0 0 0 1 
1 0 0 4.4500000000000002 1 0 -0 
1 0 386.5 4.4500000000000002 1 0 -0 
1 571 0 4.4500000000000002 -0 1 0 
1 8.5 4.25 4.4499999999999993 0 -1 0 
1 4.25 8.5 4.4499999999999993 1 0 -0 
1 562.5 4.25 4.4499999999999993 0 -1 0 
1 4.25 378 4.4499999999999993 1 0 -0 
1 0 386.5 1.25 1 0 -0 
1 571 386.5 0 0 0 1 
1 571 0 1.25 -0 1 0 
1 8.5 8.5 1.25 -0 1 0 
1 8.5 8.5 1.25 1 0 -0 
1 562.5 8.5 1.25 -0 1 0 
1 8.5 378 1.25 1 0 -0 
1 8.5 8.5 1.25 0 0 1 
1 8.5 378 1.25 0 0 1 
1 562.5 8.5 1.25 0 0 1 
1 562.5 378 1.25 0 0 1 
1 10 10 1.25 0 0 1 
1 10 10 4.4500000000000002 -0 1 0 
1 10 192 1.25 0 0 1 
1 10 10 1.25 -0 1 0 
1 192 10 1.25 0 0 1 
1 192 10 4.4500000000000002 -0 1 0 
1 192 192 1.25 0 0 1 
1 192 10 1.25 -0 1 0 
1 10 10 1.25 1 0 -0 
1 10 10 4.4500000000000002 1 0 -0 
1 10 192 1.25 1 0 -0 
1 10 192 4.4500000000000002 1 0 -0 
1 10 194.5 1.25 0 0 1 
1 10 194.5 4.4500000000000002 -0 1 0 
1 10 376.5 1.25 0 0 1 
1 10 194.5 1.25 -0 1 0 
1 192 194.5 1.25 0 0 1 
1 192 194.5 4.4500000000000002 -0 1 0 
1 192 376.5 1.25 0 0 1 
1 192 194.5 1.25 -0 1 0 
1 10 194.5 1.25 1 0 -0 
1 10 194.5 4.4500000000000002 1 0 -0 
1 10 376.5 1.25 1 0 -0 
1 10 376.5 4.4500000000000002 1 0 -0 
1 194.5 10 1.25 0 0 1 
1 194.5 10 4.4500000000000002 -0 1 0 
1 194.5 192 1.25 0 0 1 
1 194.5 10 1.25 -0 1 0 
1 376.5 10 1.25 0 0 1 
1 376.5 10 4.4500000000000002 -0 1 0 
1 376.5 192 1.25 0 0 1 
1 376.5 10 1.25 -0 1 0 
1 194.5 10 1.25 1 0 -0 
1 194.5 10 4.4500000000000002 1 0 -0 
1 194.5 192 1.25 1 0 -0 
1 194.5 192 4.4500000000000002 1 0 -0 
1 194.5 194.5 1.25 0 0 1 
1 194.5 194.5 4.4500000000000002 -0 1 0 
1 194.5 376.5 1.25 0 0 1 
1 194.5 194.5 1.25 -0 1 0 
1 376.5 194.5 1.25 0 0 1 
1 376.5 194.5 4.4500000000000002 -0 1 0 
1 376.5 376.5 1.25 0 0 1 
1 376.5 194.5 1.25 -0 1 0 
1 194.5 194.5 1.25 1 0 -0 
1 194.5 194.5 4.4500000000000002 1 0 -0 
1 194.5 376.5 1.25 1 0 -0 
1 194.5 376.5 4.4500000000000002 1 0 -0 
1 379 10 1.25 0 0 1 
1 379 10 4.4500000000000002 -0 1 0 
1 379 192 1.25 0 0 1 
1 379 10 1.25 -0 1 0 
1 561 10 1.25 0 0 1 
1 561 10 4.4500000000000002 -0 1 0 
1 561 192 1.25 0 0 1 
1 561 10 1.25 -0 1 0 
1 379 10 1.25 1 0 -0 
1 379 10 4.4500000000000002 1 0 -0 
1 379 192 1.25 1 0 -0 
1 379 192 4.4500000000000002 1 0 -0 
1 379 194.5 1.25 0 0 1 
1 379 194.5 4.4500000000000002 -0 1 0 
1 379 376.5 1.25 0 0 1 
1 379 194.5 1.25 -0 1 0 
1 561 194.5 1.25 0 0 1 
1 561 194.5 4.4500000000000002 -0 1 0 
1 561 376.5 1.25 0 0 1 
1 561 194.5 1.25 -0 1 0 
1 379 194.5 1.25 1 0 -0 
1 379 194.5 4.4500000000000002 1 0 -0 
1 379 376.5 1.25 1 0 -0 
1 379 376.5 4.4500000000000002 1 0 -0 
1 0 0 0.88500000000000001 0 0 1 
1 0 386.5 0.88500000000000001 0 0 1 
1 0 0 0.88500000000000001 -0 1 0 
1 0 0 0.88500000000000001 1 0 -0 
1 571 0 0.88500000000000001 0 0 1 
1 0 386.5 0.88500000000000001 1 0 -0 
1 571 386.5 0.88500000000000001 0 0 1 
1 571 0 0.88500000000000001 -0 1 0 
1 8.5 8.5 0.88500000000000001 -0 1 0 
1 8.5 8.5 0.88500000000000001 1 0 -0 
1 562.5 8.5 0.88500000000000001 -0 1 0 
1 8.5 378 0.88500000000000001 1 0 -0 
1 8.5 8.5 0.88500000000000001 0 0 1 
1 8.5 378 0.88500000000000001 0 0 1 
1 562.5 8.5 0.88500000000000001 0 0 1 
1 562.5 378 0.88500000000000001 0 0 1 
1 10 10 0.88500000000000001 0 0 1 
1 10 192 0.88500000000000001 0 0 1 
1 10 10 0.88500000000000001 -0 1 0 
1 192 10 0.88500000000000001 0 0 1 
1 192 192 0.88500000000000001 0 0 1 
1 192 10 0.88500000000000001 -0 1 0 
1 10 10 0.88500000000000001 1 0 -0 
1 10 192 0.88500000000000001 1 0 -0 
1 10 194.5 0.88500000000000001 0 0 1 
1 10 376.5 0.88500000000000001 0 0 1 
1 10 194.5 0.88500000000000001 -0 1 0 
1 192 194.5 0.88500000000000001 0 0 1 
1 192 376.5 0.88500000000000001 0 0 1 
1 192 194.5 0.88500000000000001 -0 1 0 
1 10 194.5 0.88500000000000001 1 0 -0 
1 10 376.5 0.88500000000000001 1 0 -0 
1 194.5 10 0.88500000000000001 0 0 1 
1 194.5 192 0.88500000000000001 0 0 1 
1 194.5 10 0.88500000000000001 -0 1 0 
1 376.5 10 0.88500000000000001 0 0 1 
1 376.5 192 0.88500000000000001 0 0 1 
1 376.5 10 0.88500000000000001 -0 1 0 
1 194.5 10 0.88500000000000001 1 0 -0 
1 194.5 192 0.88500000000000001 1 0 -0 
1 194.5 194.5 0.88500000000000001 0 0 1 
1 194.5 376.5 0.88500000000000001 0 0 1 
1 194.5 194.5 0.88500000000000001 -0 1 0 
1 376.5 194.5 0.88500000000000001 0 0 1 
1 376.5 376.5 0.88500000000000001 0 0 1 
1 376.5 194.5 0.88500000000000001 -0 1 0 
1 194.5 194.5 0.88500000000000001 1 0 -0 
1 194.5 376.5 0.88500000000000001 1 0 -0 
1 379 10 0.88500000000000001 0 0 1 
1 379 192 0.88500000000000001 0 0 1 
1 379 10 0.88500000000000001 -0 1 0 
1 561 10 0.88500000000000001 0 0 1 
1 561 192 0.88500000000000001 0 0 1 
1 561 10 0.88500000000000001 -0 1 0 
1 379 10 0.88500000000000001 1 0 -0 
1 379 192 0.88500000000000001 1 0 -0 
1 379 194.5 0.88500000000000001 0 0 1 
1 379 376.5 0.88500000000000001 0 0 1 
1 379 194.5 0.88500000000000001 -0 1 0 
1 561 194.5 0.88500000000000001 0 0 1 
1 561 376.5 0.88500000000000001 0 0 1 
1 561 194.5 0.88500000000000001 -0 1 0 
1 379 194.5 0.88500000000000001 1 0 -0 
1 379 376.5 0.88500000000000001 1 0 -0 
1 0 0 0.34999999999999998 0 0 1 
1 0 0 0.71499999999999997 -0 1 0 
1 0 386.5 0.34999999999999998 0 0 1 
1 0 0 0.34999999999999998 -0 1 0 
1 0 0 0.34999999999999998 1 0 -0 
1 571 0 0.34999999999999998 0 0 1 
1 0 0 0.71499999999999997 1 0 -0 
1 0 386.5 0.71499999999999997 1 0 -0 
1 571 0 0.71499999999999997 -0 1 0 
1 8.5 8.5 0.71499999999999997 -0 1 0 
1 8.5 8.5 0.71499999999999997 1 0 -0 
1 562.5 8.5 0.71499999999999997 -0 1 0 
1 8.5 378 0.71499999999999997 1 0 -0 
1 0 386.5 0.34999999999999998 1 0 -0 
1 571 386.5 0.34999999999999998 0 0 1 
1 571 0 0.34999999999999998 -0 1 0 
1 8.5 8.5 0.34999999999999998 -0 1 0 
1 8.5 8.5 0.34999999999999998 1 0 -0 
1 562.5 8.5 0.34999999999999998 -0 1 0 
1 8.5 378 0.34999999999999998 1 0 -0 
1 8.5 8.5 0.34999999999999998 0 0 1 
1 8.5 378 0.34999999999999998 0 0 1 
1 562.5 8.5 0.34999999999999998 0 0 1 
1 562.5 378 0.34999999999999998 0 0 1 
1 10 10 0.34999999999999998 0 0 1 
1 10 10 0.71499999999999997 -0 1 0 
1 10 192 0.34999999999999998 0 0 1 
1 10 10 0.34999999999999998 -0 1 0 
1 192 10 0.34999999999999998 0 0 1 
1 192 10 0.71499999999999997 -0 1 0 
1 192 192 0.34999999999999998 0 0 1 
1 192 10 0.34999999999999998 -0 1 0 
1 10 10 0.34999999999999998 1 0 -0 
1 10 10 0.71499999999999997 1 0 -0 
1 10 192 0.34999999999999998 1 0 -0 
1 10 192 0.71499999999999997 1 0 -0 
1 10 194.5 0.34999999999999998 0 0 1 
1 10 194.5 0.71499999999999997 -0 1 0 
1 10 376.5 0.34999999999999998 0 0 1 
1 10 194.5 0.34999999999999998 -0 1 0 
1 192 194.5 0.34999999999999998 0 0 1 
1 192 194.5 0.71499999999999997 -0 1 0 
1 192 376.5 0.34999999999999998 0 0 1 
1 192 194.5 0.34999999999999998 -0 1 0 
1 10 194.5 0.34999999999999998 1 0 -0 
1 10 194.5 0.71499999999999997 1 0 -0 
1 10 376.5 0.34999999999999998 1 0 -0 
1 10 376.5 0.71499999999999997 1 0 -0 
1 194.5 10 0.34999999999999998 0 0 1 
1 194.5 10 0.71499999999999997 -0 1 0 
1 194.5 192 0.34999999999999998 0 0 1 
1 194.5 10 0.34999999999999998 -0 1 0 
1 376.5 10 0.34999999999999998 0 0 1 
1 376.5 10 0.71499999999999997 -0 1 0 
1 376.5 192 0.34999999999999998 0 0 1 
1 376.5 10 0.34999999999999998 -0 1 0 
1 194.5 10 0.34999999999999998 1 0 -0 
1 194.5 10 0.71499999999999997 1 0 -0 
1 194.5 192 0.34999999999999998 1 0 -0 
1 194.5 192 0.71499999999999997 1 0 -0 
1 194.5 194.5 0.34999999999999998 0 0 1 
1 194.5 194.5 0.71499999999999997 -0 1 0 
1 194.5 376.5 0.34999999999999998 0 0 1 
1 194.5 194.5 0.34999999999999998 -0 1 0 
1 376.5 194.5 0.34999999999999998 0 0 1 
1 376.5 194.5 0.71499999999999997 -0 1 0 
1 376.5 376.5 0.34999999999999998 0 0 1 
1 376.5 194.5 0.34999999999999998 -0 1 0 
1 194.5 194.5 0.34999999999999998 1 0 -0 
1 194.5 194.5 0.71499999999999997 1 0 -0 
1 194.5 376.5 0.34999999999999998 1 0 -0 
1 194.5 376.5 0.71499999999999997 1 0 -0 
1 379 10 0.34999999999999998 0 0 1 
1 379 10 0.71499999999999997 -0 1 0 
1 379 192 0.34999999999999998 0 0 1 
1 379 10 0.34999999999999998 -0 1 0 
1 561 10 0.34999999999999998 0 0 1 
1 561 10 0.71499999999999997 -0 1 0 
1 561 192 0.34999999999999998 0 0 1 
1 561 10 0.34999999999999998 -0 1 0 
1 379 10 0.34999999999999998 1 0 -0 
1 379 10 0.71499999999999997 1 0 -0 
1 379 192 0.34999999999999998 1 0 -0 
1 379 192 0.71499999999999997 1 0 -0 
1 379 194.5 0.34999999999999998 0 0 1 
1 379 194.5 0.71499999999999997 -0 1 0 
1 379 376.5 0.34999999999999998 0 0 1 
1 379 194.5 0.34999999999999998 -0 1 0 
1 561 194.5 0.34999999999999998 0 0 1 
1 561 194.5 0.71499999999999997 -0 1 0 
1 561 376.5 0.34999999999999998 0 0 1 
1 561 194.5 0.34999999999999998 -0 1 0 
1 379 194.5 0.34999999999999998 1 0 -0 
1 379 194.5 0.71499999999999997 1 0 -0 
1 379 376.5 0.34999999999999998 1 0 -0 
1 379 376.5 0.71499999999999997 1 0 -0 
1 0 0 0.71499999999999997 0 0 1 
1 0 386.5 0.71499999999999997 0 0 1 
1 571 0 0.71499999999999997 0 0 1 
1 571 386.5 0.71499999999999997 0 0 1 
1 8.5 8.5 0.71499999999999997 0 0 1 
1 8.5 378 0.71499999999999997 0 0 1 
1 562.5 8.5 0.71499999999999997 0 0 1 
1 562.5 378 0.71499999999999997 0 0 1 
1 10 10 0.71499999999999997 0 0 1 
1 10 192 0.71499999999999997 0 0 1 
1 192 10 0.71499999999999997 0 0 1 
1 192 192 0.71499999999999997 0 0 1 
1 10 194.5 0.71499999999999997 0 0 1 
1 10 376.5 0.71499999999999997 0 0 1 
1 192 194.5 0.71499999999999997 0 0 1 
1 192 376.5 0.71499999999999997 0 0 1 
1 194.5 10 0.71499999999999997 0 0 1 
1 194.5 192 0.71499999999999997 0 0 1 
1 376.5 10 0.71499999999999997 0 0 1 
1 376.5 192 0.71499999999999997 0 0 1 
1 194.5 194.5 0.71499999999999997 0 0 1 
1 194.5 376.5 0.71499999999999997 0 0 1 
1 376.5 194.5 0.71499999999999997 0 0 1 
1 376.5 376.5 0.71499999999999997 0 0 1 
1 379 10 0.71499999999999997 0 0 1 
1 379 192 0.71499999999999997 0 0 1 
1 561 10 0.71499999999999997 0 0 1 
1 561 192 0.71499999999999997 0 0 1 
1 379 194.5 0.71499999999999997 0 0 1 
1 379 376.5 0.71499999999999997 0 0 1 
1 561 194.5 0.71499999999999997 0 0 1 
1 561 376.5 0.71499999999999997 0 0 1 
1 0 0 0 -0 1 0 
1 0 0 0 1 0 -0 
1 0 386.5 0 1 0 -0 
1 571 0 0 -0 1 0 
1 8.5 4.25 0 0 -1 0 
1 4.25 8.5 0 1 0 -0 
1 562.5 4.25 0 0 -1 0 
1 4.25 378 0 1 0 -0 
1 8.5 8.5 0 0 0 1 
1 8.5 378 0 0 0 1 
1 562.5 8.5 0 0 0 1 
1 562.5 378 0 0 0 1 
1 10 10 0 0 0 1 
1 10 192 0 0 0 1 
1 10 10 0 -0 1 0 
1 192 10 0 0 0 1 
1 192 192 0 0 0 1 
1 192 10 0 -0 1 0 
1 10 10 0 1 0 -0 
1 10 192 0 1 0 -0 
1 10 194.5 0 0 0 1 
1 10 376.5 0 0 0 1 
1 10 194.5 0 -0 1 0 
1 192 194.5 0 0 0 1 
1 192 376.5 0 0 0 1 
1 192 194.5 0 -0 1 0 
1 10 194.5 0 1 0 -0 
1 10 376.5 0 1 0 -0 
1 194.5 10 0 0 0 1 
1 194.5 192 0 0 0 1 
1 194.5 10 0 -0 1 0 
1 376.5 10 0 0 0 1 
1 376.5 192 0 0 0 1 
1 376.5 10 0 -0 1 0 
1 194.5 10 0 1 0 -0 
1 194.5 192 0 1 0 -0 
1 194.5 194.5 0 0 0 1 
1 194.5 376.5 0 0 0 1 
1 194.5 194.5 0 -0 1 0 
1 376.5 194.5 0 0 0 1 
1 376.5 376.5 0 0 0 1 
1 376.5 194.5 0 -0 1 0 
1 194.5 194.5 0 1 0 -0 
1 194.5 376.5 0 1 0 -0 
1 379 10 0 0 0 1 
1 379 192 0 0 0 1 
1 379 10 0 -0 1 0 
1 561 10 0 0 0 1 
1 561 192 0 0 0 1 
1 561 10 0 -0 1 0 
1 379 10 0 1 0 -0 
1 379 192 0 1 0 -0 
1 379 194.5 0 0 0 1 
1 379 376.5 0 0 0 1 
1 379 194.5 0 -0 1 0 
1 561 194.5 0 0 0 1 
1 561 376.5 0 0 0 1 
1 561 194.5 0 -0 1 0 
1 379 194.5 0 1 0 -0 
1 379 376.5 0 1 0 -0 
1 -20.199999999999999 -2.0000000000000022 -0.77499999999999991 1 0 0 
1 -20.199999999999999 -2.0000000000000022 5.2249999999999996 1 0 0 
1 -20.199999999999999 8.4999999999999982 5.2249999999999996 1 0 0 
1 -20.199999999999999 388.5 5.2249999999999996 1 0 0 
1 -20.199999999999999 378 5.2249999999999996 1 0 0 
1 -20.199999999999999 388.5 -0.77499999999999991 1 0 0 
1 -20.199999999999999 8.4999999999999982 -0.77499999999999991 1 0 0 
1 -20.199999999999999 378 -0.77499999999999991 1 0 0 
1 8.5 8.5 -0.77499999999999991 0 0 1 
1 8.5 378 -0.77499999999999991 0 0 1 
1 562.5 8.5 -0.77499999999999991 0 0 1 
1 562.5 378 -0.77499999999999991 0 0 1 
1 164.90000000000001 9 -43.274999999999999 0 0 1 
1 164.90000000000001 9 -41.774999999999999 -0 1 0 
1 164.90000000000001 19 -43.274999999999999 0 0 1 
1 164.90000000000001 9 -43.274999999999999 -0 1 0 
1 174.90000000000001 9 -43.274999999999999 0 0 1 
1 174.90000000000001 9 -41.774999999999999 -0 1 0 
1 174.90000000000001 19 -43.274999999999999 0 0 1 
1 174.90000000000001 9 -43.274999999999999 -0 1 0 
1 164.90000000000001 9 -43.274999999999999 1 0 -0 
1 164.90000000000001 9 -41.774999999999999 1 0 -0 
1 164.90000000000001 19 -43.274999999999999 1 0 -0 
1 164.90000000000001 19 -41.774999999999999 1 0 -0 
1 396.09999999999997 9 -43.274999999999999 0 0 1 
1 396.09999999999997 9 -41.774999999999999 -0 1 0 
1 396.09999999999997 19 -43.274999999999999 0 0 1 
1 396.09999999999997 9 -43.274999999999999 -0 1 0 
1 406.09999999999997 9 -43.274999999999999 0 0 1 
1 406.09999999999997 9 -41.774999999999999 -0 1 0 
1 406.09999999999997 19 -43.274999999999999 0 0 1 
1 406.09999999999997 9 -43.274999999999999 -0 1 0 
1 396.09999999999997 9 -43.274999999999999 1 0 -0 
1 396.09999999999997 9 -41.774999999999999 1 0 -0 
1 396.09999999999997 19 -43.274999999999999 1 0 -0 
1 396.09999999999997 19 -41.774999999999999 1 0 -0 
1 164.90000000000001 367.5 -43.274999999999999 0 0 1 
1 164.90000000000001 367.5 -41.774999999999999 -0 1 0 
1 164.90000000000001 377.5 -43.274999999999999 0 0 1 
1 164.90000000000001 367.5 -43.274999999999999 -0 1 0 
1 174.90000000000001 367.5 -43.274999999999999 0 0 1 
1 174.90000000000001 367.5 -41.774999999999999 -0 1 0 
1 174.90000000000001 377.5 -43.274999999999999 0 0 1 
1 174.90000000000001 367.5 -43.274999999999999 -0 1 0 
1 164.90000000000001 367.5 -43.274999999999999 1 0 -0 
1 164.90000000000001 367.5 -41.774999999999999 1 0 -0 
1 164.90000000000001 377.5 -43.274999999999999 1 0 -0 
1 164.90000000000001 377.5 -41.774999999999999 1 0 -0 
1 396.09999999999997 367.5 -43.274999999999999 0 0 1 
1 396.09999999999997 367.5 -41.774999999999999 -0 1 0 
1 396.09999999999997 377.5 -43.274999999999999 0 0 1 
1 396.09999999999997 367.5 -43.274999999999999 -0 1 0 
1 406.09999999999997 367.5 -43.274999999999999 0 0 1 
1 406.09999999999997 367.5 -41.774999999999999 -0 1 0 
1 406.09999999999997 377.5 -43.274999999999999 0 0 1 
1 406.09999999999997 367.5 -43.274999999999999 -0 1 0 
1 396.09999999999997 367.5 -43.274999999999999 1 0 -0 
1 396.09999999999997 367.5 -41.774999999999999 1 0 -0 
1 396.09999999999997 377.5 -43.274999999999999 1 0 -0 
1 396.09999999999997 377.5 -41.774999999999999 1 0 -0 
1 -20.199999999999996 -3.5000000000000022 -43.274999999999999 1 0 0 
1 -20.199999999999999 -3.5000000000000022 6.7250000000000014 1 0 0 
1 -20.199999999999992 31.499999999999996 -43.274999999999999 1 0 0 
1 -20.199999999999999 8.4999999999999982 6.7249999999999996 1 0 0 
1 -20.199999999999999 8.4999999999999982 -2.2749999999999999 1 0 0 
1 -20.199999999999999 3.4999999999999978 -2.2749999999999986 1 0 0 
1 -20.199999999999996 3.4999999999999978 -41.774999999999999 1 0 0 
1 -20.199999999999992 31.499999999999996 -41.774999999999999 1 0 0 
1 -20.199999999999996 1.9999999999999978 -41.774999999999999 1 0 0 
1 -20.199999999999996 -2.0000000000000022 -41.774999999999999 1 0 0 
1 -20.199999999999999 1.9999999999999978 -2.2749999999999986 1 0 0 
1 -20.199999999999999 -2.0000000000000022 -2.2749999999999986 1 0 0 
1 -20.200000000000003 390 -43.274999999999999 1 0 0 
1 -20.199999999999999 390 6.7250000000000014 1 0 0 
1 -20.199999999999999 355 -43.274999999999999 1 0 0 
1 -20.199999999999999 378 6.7249999999999996 1 0 0 
1 -20.199999999999999 378 -2.2749999999999999 1 0 0 
1 -20.199999999999999 383 -2.2749999999999986 1 0 0 
1 -20.200000000000003 383 -41.774999999999999 1 0 0 
1 -20.199999999999999 355 -41.774999999999999 1 0 0 
1 -20.199999999999999 384.5 -2.2749999999999986 1 0 0 
1 -20.200000000000003 384.5 -41.774999999999999 1 0 0 
1 -20.199999999999999 388.5 -2.2749999999999986 1 0 0 
1 -20.200000000000003 388.5 -41.774999999999999 1 0 0 
Polygon3D 0
PolygonOnTriangulations 0
Surfaces 310
1 -3.5 -20.199999999999999 6.7250000000000014 -1 0 -0 0 -1.1102230246251565e-16 -1 -0 -1 1.1102230246251565e-16 
1 -20.199999999999999 -3.5000000000000022 6.7250000000000014 0 1 -1.2325951644078309e-32 1.1102230246251565e-16 -1.2325951644078309e-32 -1 -1 -1.3684555315672042e-48 -1.1102230246251565e-16 
1 1.205520129218625e-14 1.205520129218625e-14 0 0.70710678118654757 -0.70710678118654746 0 0.70710678118654746 0.70710678118654757 0 -0 0 1 
1 -3.5 -20.200000000000003 -43.274999999999999 0 0 -1 1 0 0 0 -1 0 
1 -20.199999999999999 390 6.7250000000000014 0 1 -1.2325951644078309e-32 -1.1102230246251565e-16 -1.2325951644078309e-32 -1 -1 1.3684555315672042e-48 1.1102230246251565e-16 
1 1.205520129218625e-14 386.5 0 -0.70710678118654746 -0.70710678118654757 -0 -0.70710678118654757 0.70710678118654746 0 0 0 -1 
1 8.5 -20.199999999999999 6.7250000000000014 0 -0 1 -1 0 0 -0 -1 0 
1 -20.199999999999999 8.4999999999999964 6.7250000000000014 0 -0 -1 -1.1102230246251565e-16 -1 0 -1 1.1102230246251565e-16 -0 
1 -20.199999999999999 8.4999999999999982 6.7249999999999996 0 1 -1.2325951644078309e-32 1.1102230246251565e-16 -1.2325951644078309e-32 -1 -1 -1.3684555315672042e-48 -1.1102230246251565e-16 
1 8.5 -20.199999999999999 6.7249999999999996 -1 0 -0 0 -1.1102230246251565e-16 -1 -0 -1 1.1102230246251565e-16 
1 -20.199999999999999 8.4999999999999982 5.2249999999999996 0 -0 -1 -1.1102230246251565e-16 -1 0 -1 1.1102230246251565e-16 -0 
1 8.5 -20.199999999999999 5.2249999999999996 0 -0 1 -1 0 0 -0 -1 0 
1 -2 -2 5.2249999999999996 0 0 1 1 0 -0 -0 1 0 
1 -20.199999999999999 -2.0000000000000022 5.2249999999999996 0 1 -1.2325951644078309e-32 1.1102230246251565e-16 -1.2325951644078309e-32 -1 -1 -1.3684555315672042e-48 -1.1102230246251565e-16 
1 -2 -20.199999999999999 5.2249999999999996 -1 0 -0 0 -1.1102230246251565e-16 -1 -0 -1 1.1102230246251565e-16 
1 -20.199999999999999 -2.0000000000000022 -0.77499999999999991 0 0 1 1.1102230246251565e-16 1 -0 -1 1.1102230246251565e-16 0 
1 -2 -20.199999999999999 -0.77499999999999991 0 0 -1 1 0 0 0 -1 0 
1 -2 -2 -0.77499999999999991 0 0 1 1 0 -0 -0 1 0 
1 -20.199999999999999 8.4999999999999982 -0.77500000000000036 0 1 -1.2325951644078309e-32 1.1102230246251565e-16 -1.2325951644078309e-32 -1 -1 -1.3684555315672042e-48 -1.1102230246251565e-16 
1 8.5 -20.199999999999999 -0.77500000000000036 -1 0 -0 0 -1.1102230246251565e-16 -1 -0 -1 1.1102230246251565e-16 
1 -20.199999999999999 8.4999999999999964 -2.2749999999999986 0 -0 -1 -1.1102230246251565e-16 -1 0 -1 1.1102230246251565e-16 -0 
1 8.5 -20.199999999999999 -2.2749999999999986 0 -0 1 -1 0 0 -0 -1 0 
1 -20.199999999999999 3.4999999999999978 -2.2749999999999986 0 1 -1.2325951644078309e-32 1.1102230246251565e-16 -1.2325951644078309e-32 -1 -1 -1.3684555315672042e-48 -1.1102230246251565e-16 
1 3.5 -20.199999999999999 -2.2749999999999986 -1 0 -0 0 -1.1102230246251565e-16 -1 -0 -1 1.1102230246251565e-16 
1 -20.199999999999996 3.4999999999999978 -41.774999999999999 0 0 1 1.1102230246251565e-16 1 -0 -1 1.1102230246251565e-16 0 
1 3.5 -20.200000000000003 -41.774999999999999 0 0 -1 1 0 0 0 -1 0 
1 -20.199999999999992 31.499999999999996 -43.274999999999999 0 -1 1.2325951644078309e-32 -1.1102230246251565e-16 1.2325951644078309e-32 1 -1 -1.3684555315672042e-48 -1.1102230246251565e-16 
1 31.5 -20.200000000000003 -43.274999999999999 1 0 0 -0 1.1102230246251565e-16 1 0 -1 1.1102230246251565e-16 
1 -20.199999999999996 -3.5000000000000022 -43.274999999999999 0 0 1 1.1102230246251565e-16 1 -0 -1 1.1102230246251565e-16 0 
1 -20.199999999999996 -2.0000000000000022 -41.774999999999999 0 0 1 1.1102230246251565e-16 1 -0 -1 1.1102230246251565e-16 0 
1 -2 -20.200000000000003 -41.774999999999999 0 0 -1 1 0 0 0 -1 0 
1 -20.199999999999996 1.9999999999999978 -41.774999999999999 0 -1 1.2325951644078309e-32 -1.1102230246251565e-16 1.2325951644078309e-32 1 -1 -1.3684555315672042e-48 -1.1102230246251565e-16 
1 2 -20.200000000000003 -41.774999999999999 1 0 0 -0 1.1102230246251565e-16 1 0 -1 1.1102230246251565e-16 
1 -20.199999999999999 1.9999999999999978 -2.2749999999999986 0 -0 -1 -1.1102230246251565e-16 -1 0 -1 1.1102230246251565e-16 -0 
1 2 -20.199999999999999 -2.2749999999999986 0 -0 1 -1 0 0 -0 -1 0 
1 -20.199999999999999 -2.0000000000000022 -2.2749999999999986 0 1 -1.2325951644078309e-32 1.1102230246251565e-16 -1.2325951644078309e-32 -1 -1 -1.3684555315672042e-48 -1.1102230246251565e-16 
1 -2 -20.199999999999999 -2.2749999999999986 -1 0 -0 0 -1.1102230246251565e-16 -1 -0 -1 1.1102230246251565e-16 
1 -20.200000000000003 390 -43.274999999999999 0 0 -1 1.1102230246251565e-16 -1 0 -1 -1.1102230246251565e-16 -0 
1 -20.199999999999999 378 6.7250000000000014 0 -0 1 -1.1102230246251565e-16 1 0 -1 -1.1102230246251565e-16 0 
1 -20.199999999999999 378 6.7249999999999996 0 1 -1.2325951644078309e-32 -1.1102230246251565e-16 -1.2325951644078309e-32 -1 -1 1.3684555315672042e-48 1.1102230246251565e-16 
1 -20.199999999999999 378 5.2249999999999996 0 -0 1 -1.1102230246251565e-16 1 0 -1 -1.1102230246251565e-16 0 
1 -20.199999999999999 388.5 5.2249999999999996 0 1 -1.2325951644078309e-32 -1.1102230246251565e-16 -1.2325951644078309e-32 -1 -1 1.3684555315672042e-48 1.1102230246251565e-16 
1 -20.199999999999999 388.5 -0.77499999999999991 0 0 -1 1.1102230246251565e-16 -1 0 -1 -1.1102230246251565e-16 -0 
1 -20.199999999999999 378 -0.77500000000000036 0 1 -1.2325951644078309e-32 -1.1102230246251565e-16 -1.2325951644078309e-32 -1 -1 1.3684555315672042e-48 1.1102230246251565e-16 
1 -20.199999999999999 378 -2.2749999999999986 0 -0 1 -1.1102230246251565e-16 1 0 -1 -1.1102230246251565e-16 0 
1 -20.199999999999999 383 -2.2749999999999986 0 1 -1.2325951644078309e-32 -1.1102230246251565e-16 -1.2325951644078309e-32 -1 -1 1.3684555315672042e-48 1.1102230246251565e-16 
1 -20.200000000000003 383 -41.774999999999999 0 0 -1 1.1102230246251565e-16 -1 0 -1 -1.1102230246251565e-16 -0 
1 -20.199999999999999 355 -43.274999999999999 0 -1 1.2325951644078309e-32 1.1102230246251565e-16 1.2325951644078309e-32 1 -1 1.3684555315672042e-48 1.1102230246251565e-16 
1 -20.200000000000003 384.5 -41.774999999999999 0 -1 1.2325951644078309e-32 1.1102230246251565e-16 1.2325951644078309e-32 1 -1 1.3684555315672042e-48 1.1102230246251565e-16 
1 -20.199999999999999 384.5 -2.2749999999999986 0 -0 1 -1.1102230246251565e-16 1 0 -1 -1.1102230246251565e-16 0 
1 -20.199999999999999 388.5 -2.2749999999999986 0 1 -1.2325951644078309e-32 -1.1102230246251565e-16 -1.2325951644078309e-32 -1 -1 1.3684555315672042e-48 1.1102230246251565e-16 
1 -20.200000000000003 388.5 -41.774999999999999 0 0 -1 1.1102230246251565e-16 -1 0 -1 -1.1102230246251565e-16 -0 
1 574.5 -20.199999999999999 6.7250000000000014 -1 0 -2.4651903288156619e-32 2.4651903288156619e-32 1.1102230246251565e-16 -1 2.7369110631344083e-48 -1 -1.1102230246251565e-16 
1 1.205520129218625e-14 386.5 0 -0.70710678118654746 -0.70710678118654757 -0 -0.70710678118654757 0.70710678118654746 0 0 0 -1 
1 574.5 -20.199999999999996 -43.274999999999999 0 -0 1 -1 2.2204460492503131e-16 0 -2.2204460492503131e-16 -1 0 
1 1.205520129218625e-14 1.205520129218625e-14 0 0.70710678118654757 -0.70710678118654746 0 0.70710678118654746 0.70710678118654757 0 -0 0 1 
1 562.5 -20.199999999999996 6.7250000000000014 0 0 -1 1 -2.2204460492503131e-16 0 -2.2204460492503131e-16 -1 -0 
1 539.5 -20.199999999999989 -43.274999999999999 1 -0 2.4651903288156619e-32 -2.4651903288156619e-32 -1.1102230246251565e-16 1 2.7369110631344083e-48 -1 -1.1102230246251565e-16 
1 567.5 -20.199999999999992 -41.774999999999999 0 -0 1 -1 2.2204460492503131e-16 0 -2.2204460492503131e-16 -1 0 
1 567.5 -20.199999999999999 -2.2749999999999986 -1 0 -2.4651903288156619e-32 2.4651903288156619e-32 1.1102230246251565e-16 -1 2.7369110631344083e-48 -1 -1.1102230246251565e-16 
1 562.5 -20.199999999999996 -2.2749999999999986 0 0 -1 1 -2.2204460492503131e-16 0 -2.2204460492503131e-16 -1 -0 
1 562.5 -20.199999999999999 -0.77500000000000036 -1 0 -2.4651903288156619e-32 2.4651903288156619e-32 1.1102230246251565e-16 -1 2.7369110631344083e-48 -1 -1.1102230246251565e-16 
1 573 -20.199999999999999 -0.77499999999999991 0 -0 1 -1 2.2204460492503131e-16 0 -2.2204460492503131e-16 -1 0 
1 573 -20.199999999999999 5.2249999999999996 -1 0 -2.4651903288156619e-32 2.4651903288156619e-32 1.1102230246251565e-16 -1 2.7369110631344083e-48 -1 -1.1102230246251565e-16 
1 562.5 -20.199999999999999 5.2249999999999996 0 0 -1 1 -2.2204460492503131e-16 0 -2.2204460492503131e-16 -1 -0 
1 562.5 -20.199999999999999 6.7249999999999996 -1 0 -2.4651903288156619e-32 2.4651903288156619e-32 1.1102230246251565e-16 -1 2.7369110631344083e-48 -1 -1.1102230246251565e-16 
1 573 -20.199999999999996 -41.774999999999999 0 -0 1 -1 2.2204460492503131e-16 0 -2.2204460492503131e-16 -1 0 
1 573 -20.199999999999999 -2.2749999999999986 -1 0 -2.4651903288156619e-32 2.4651903288156619e-32 1.1102230246251565e-16 -1 2.7369110631344083e-48 -1 -1.1102230246251565e-16 
1 569 -20.199999999999999 -2.2749999999999986 0 0 -1 1 -2.2204460492503131e-16 0 -2.2204460492503131e-16 -1 -0 
1 569 -20.199999999999996 -41.774999999999999 1 -0 2.4651903288156619e-32 -2.4651903288156619e-32 -1.1102230246251565e-16 1 2.7369110631344083e-48 -1 -1.1102230246251565e-16 
1 0 0 0 1 0 -0 0 0 1 0 -1 0 
1 0 0 0 -0 1 0 0 0 1 1 0 -0 
1 0 0 4.4500000000000002 0 0 1 1 0 -0 -0 1 0 
1 0 386.5 0 -0 1 0 0 0 1 1 0 -0 
1 0 0 1.25 1 0 -0 0 0 1 0 -1 0 
1 0 0 1.25 0 0 1 1 0 -0 -0 1 0 
1 0 0 0.88500000000000001 1 0 -0 0 0 1 0 -1 0 
1 0 0 1.25 -0 1 0 0 0 1 1 0 -0 
1 0 0 0.88500000000000001 -0 1 0 0 0 1 1 0 -0 
1 571 0 0 1 0 -0 0 0 1 0 -1 0 
1 8.5 8.5 -0.77499999999999991 1 0 -0 0 0 1 0 -1 0 
1 8.5 8.5 -0.77499999999999991 -0 1 0 0 0 1 1 0 -0 
1 562.5 8.5 -0.77499999999999991 1 0 -0 0 0 1 0 -1 0 
1 8.5 378 -0.77499999999999991 -0 1 0 0 0 1 1 0 -0 
1 0 386.5 1.25 -0 1 0 0 0 1 1 0 -0 
1 0 386.5 0.88500000000000001 -0 1 0 0 0 1 1 0 -0 
1 571 0 1.25 1 0 -0 0 0 1 0 -1 0 
1 571 0 0.88500000000000001 1 0 -0 0 0 1 0 -1 0 
1 8.5 8.5 1.25 1 0 -0 0 0 1 0 -1 0 
1 8.5 8.5 1.25 0 0 1 1 0 -0 -0 1 0 
1 8.5 8.5 0.88500000000000001 1 0 -0 0 0 1 0 -1 0 
1 8.5 8.5 1.25 -0 1 0 0 0 1 1 0 -0 
1 8.5 8.5 0.88500000000000001 -0 1 0 0 0 1 1 0 -0 
1 562.5 8.5 1.25 1 0 -0 0 0 1 0 -1 0 
1 562.5 8.5 0.88500000000000001 1 0 -0 0 0 1 0 -1 0 
1 8.5 378 1.25 -0 1 0 0 0 1 1 0 -0 
1 8.5 378 0.88500000000000001 -0 1 0 0 0 1 1 0 -0 
1 10 10 1.25 1 0 -0 0 0 1 0 -1 0 
1 10 10 1.25 -0 1 0 0 0 1 1 0 -0 
1 10 10 4.4500000000000002 0 0 1 1 0 -0 -0 1 0 
1 8.5 8.5 4.4500000000000002 0 0 1 1 0 -0 -0 1 0 
1 10 192 1.25 -0 1 0 0 0 1 1 0 -0 
1 10 10 1.25 0 0 1 1 0 -0 -0 1 0 
1 10 10 0.88500000000000001 1 0 -0 0 0 1 0 -1 0 
1 192 10 1.25 1 0 -0 0 0 1 0 -1 0 
1 192 10 0.88500000000000001 1 0 -0 0 0 1 0 -1 0 
1 10 10 0.88500000000000001 -0 1 0 0 0 1 1 0 -0 
1 10 192 0.88500000000000001 -0 1 0 0 0 1 1 0 -0 
1 10 194.5 1.25 1 0 -0 0 0 1 0 -1 0 
1 10 194.5 1.25 -0 1 0 0 0 1 1 0 -0 
1 10 194.5 4.4500000000000002 0 0 1 1 0 -0 -0 1 0 
1 10 376.5 1.25 -0 1 0 0 0 1 1 0 -0 
1 10 194.5 1.25 0 0 1 1 0 -0 -0 1 0 
1 10 194.5 0.88500000000000001 1 0 -0 0 0 1 0 -1 0 
1 192 194.5 1.25 1 0 -0 0 0 1 0 -1 0 
1 192 194.5 0.88500000000000001 1 0 -0 0 0 1 0 -1 0 
1 10 194.5 0.88500000000000001 -0 1 0 0 0 1 1 0 -0 
1 10 376.5 0.88500000000000001 -0 1 0 0 0 1 1 0 -0 
1 194.5 10 1.25 1 0 -0 0 0 1 0 -1 0 
1 194.5 10 1.25 -0 1 0 0 0 1 1 0 -0 
1 194.5 10 4.4500000000000002 0 0 1 1 0 -0 -0 1 0 
1 194.5 192 1.25 -0 1 0 0 0 1 1 0 -0 
1 194.5 10 1.25 0 0 1 1 0 -0 -0 1 0 
1 194.5 10 0.88500000000000001 1 0 -0 0 0 1 0 -1 0 
1 376.5 10 1.25 1 0 -0 0 0 1 0 -1 0 
1 376.5 10 0.88500000000000001 1 0 -0 0 0 1 0 -1 0 
1 194.5 10 0.88500000000000001 -0 1 0 0 0 1 1 0 -0 
1 194.5 192 0.88500000000000001 -0 1 0 0 0 1 1 0 -0 
1 194.5 194.5 1.25 1 0 -0 0 0 1 0 -1 0 
1 194.5 194.5 1.25 -0 1 0 0 0 1 1 0 -0 
1 194.5 194.5 4.4500000000000002 0 0 1 1 0 -0 -0 1 0 
1 194.5 376.5 1.25 -0 1 0 0 0 1 1 0 -0 
1 194.5 194.5 1.25 0 0 1 1 0 -0 -0 1 0 
1 194.5 194.5 0.88500000000000001 1 0 -0 0 0 1 0 -1 0 
1 376.5 194.5 1.25 1 0 -0 0 0 1 0 -1 0 
1 376.5 194.5 0.88500000000000001 1 0 -0 0 0 1 0 -1 0 
1 194.5 194.5 0.88500000000000001 -0 1 0 0 0 1 1 0 -0 
1 194.5 376.5 0.88500000000000001 -0 1 0 0 0 1 1 0 -0 
1 379 10 1.25 1 0 -0 0 0 1 0 -1 0 
1 379 10 1.25 -0 1 0 0 0 1 1 0 -0 
1 379 10 4.4500000000000002 0 0 1 1 0 -0 -0 1 0 
1 379 192 1.25 -0 1 0 0 0 1 1 0 -0 
1 379 10 1.25 0 0 1 1 0 -0 -0 1 0 
1 379 10 0.88500000000000001 1 0 -0 0 0 1 0 -1 0 
1 561 10 1.25 1 0 -0 0 0 1 0 -1 0 
1 561 10 0.88500000000000001 1 0 -0 0 0 1 0 -1 0 
1 379 10 0.88500000000000001 -0 1 0 0 0 1 1 0 -0 
1 379 192 0.88500000000000001 -0 1 0 0 0 1 1 0 -0 
1 379 194.5 1.25 1 0 -0 0 0 1 0 -1 0 
1 379 194.5 1.25 -0 1 0 0 0 1 1 0 -0 
1 379 194.5 4.4500000000000002 0 0 1 1 0 -0 -0 1 0 
1 379 376.5 1.25 -0 1 0 0 0 1 1 0 -0 
1 379 194.5 1.25 0 0 1 1 0 -0 -0 1 0 
1 379 194.5 0.88500000000000001 1 0 -0 0 0 1 0 -1 0 
1 561 194.5 1.25 1 0 -0 0 0 1 0 -1 0 
1 561 194.5 0.88500000000000001 1 0 -0 0 0 1 0 -1 0 
1 379 194.5 0.88500000000000001 -0 1 0 0 0 1 1 0 -0 
1 379 376.5 0.88500000000000001 -0 1 0 0 0 1 1 0 -0 
1 0 0 0.88500000000000001 0 0 1 1 0 -0 -0 1 0 
1 0 0 0.71499999999999997 1 0 -0 0 0 1 0 -1 0 
1 0 0 0.71499999999999997 -0 1 0 0 0 1 1 0 -0 
1 0 386.5 0.71499999999999997 -0 1 0 0 0 1 1 0 -0 
1 571 0 0.71499999999999997 1 0 -0 0 0 1 0 -1 0 
1 8.5 8.5 0.88500000000000001 0 0 1 1 0 -0 -0 1 0 
1 8.5 8.5 0.71499999999999997 1 0 -0 0 0 1 0 -1 0 
1 8.5 8.5 0.71499999999999997 -0 1 0 0 0 1 1 0 -0 
1 562.5 8.5 0.71499999999999997 1 0 -0 0 0 1 0 -1 0 
1 8.5 378 0.71499999999999997 -0 1 0 0 0 1 1 0 -0 
1 10 10 0.88500000000000001 0 0 1 1 0 -0 -0 1 0 
1 10 10 0.71499999999999997 1 0 -0 0 0 1 0 -1 0 
1 192 10 0.71499999999999997 1 0 -0 0 0 1 0 -1 0 
1 10 10 0.71499999999999997 -0 1 0 0 0 1 1 0 -0 
1 10 192 0.71499999999999997 -0 1 0 0 0 1 1 0 -0 
1 10 194.5 0.88500000000000001 0 0 1 1 0 -0 -0 1 0 
1 10 194.5 0.71499999999999997 1 0 -0 0 0 1 0 -1 0 
1 192 194.5 0.71499999999999997 1 0 -0 0 0 1 0 -1 0 
1 10 194.5 0.71499999999999997 -0 1 0 0 0 1 1 0 -0 
1 10 376.5 0.71499999999999997 -0 1 0 0 0 1 1 0 -0 
1 194.5 10 0.88500000000000001 0 0 1 1 0 -0 -0 1 0 
1 194.5 10 0.71499999999999997 1 0 -0 0 0 1 0 -1 0 
1 376.5 10 0.71499999999999997 1 0 -0 0 0 1 0 -1 0 
1 194.5 10 0.71499999999999997 -0 1 0 0 0 1 1 0 -0 
1 194.5 192 0.71499999999999997 -0 1 0 0 0 1 1 0 -0 
1 194.5 194.5 0.88500000000000001 0 0 1 1 0 -0 -0 1 0 
1 194.5 194.5 0.71499999999999997 1 0 -0 0 0 1 0 -1 0 
1 376.5 194.5 0.71499999999999997 1 0 -0 0 0 1 0 -1 0 
1 194.5 194.5 0.71499999999999997 -0 1 0 0 0 1 1 0 -0 
1 194.5 376.5 0.71499999999999997 -0 1 0 0 0 1 1 0 -0 
1 379 10 0.88500000000000001 0 0 1 1 0 -0 -0 1 0 
1 379 10 0.71499999999999997 1 0 -0 0 0 1 0 -1 0 
1 561 10 0.71499999999999997 1 0 -0 0 0 1 0 -1 0 
1 379 10 0.71499999999999997 -0 1 0 0 0 1 1 0 -0 
1 379 192 0.71499999999999997 -0 1 0 0 0 1 1 0 -0 
1 379 194.5 0.88500000000000001 0 0 1 1 0 -0 -0 1 0 
1 379 194.5 0.71499999999999997 1 0 -0 0 0 1 0 -1 0 
1 561 194.5 0.71499999999999997 1 0 -0 0 0 1 0 -1 0 
1 379 194.5 0.71499999999999997 -0 1 0 0 0 1 1 0 -0 
1 379 376.5 0.71499999999999997 -0 1 0 0 0 1 1 0 -0 
1 0 0 0.34999999999999998 1 0 -0 0 0 1 0 -1 0 
1 0 0 0.34999999999999998 -0 1 0 0 0 1 1 0 -0 
1 0 0 0.71499999999999997 0 0 1 1 0 -0 -0 1 0 
1 0 386.5 0.34999999999999998 -0 1 0 0 0 1 1 0 -0 
1 0 0 0.34999999999999998 0 0 1 1 0 -0 -0 1 0 
1 0 0 0 1 0 -0 0 0 1 0 -1 0 
1 0 0 0 -0 1 0 0 0 1 1 0 -0 
1 571 0 0.34999999999999998 1 0 -0 0 0 1 0 -1 0 
1 8.5 8.5 0.71499999999999997 0 0 1 1 0 -0 -0 1 0 
1 8.5 8.5 0.34999999999999998 1 0 -0 0 0 1 0 -1 0 
1 8.5 8.5 0.34999999999999998 -0 1 0 0 0 1 1 0 -0 
1 562.5 8.5 0.34999999999999998 1 0 -0 0 0 1 0 -1 0 
1 8.5 378 0.34999999999999998 -0 1 0 0 0 1 1 0 -0 
1 0 386.5 0 -0 1 0 0 0 1 1 0 -0 
1 571 0 0 1 0 -0 0 0 1 0 -1 0 
1 8.5 8.5 0.34999999999999998 0 0 1 1 0 -0 -0 1 0 
1 8.5 8.5 0 1 0 -0 0 0 1 0 -1 0 
1 8.5 8.5 0 -0 1 0 0 0 1 1 0 -0 
1 562.5 8.5 0 1 0 -0 0 0 1 0 -1 0 
1 8.5 378 0 -0 1 0 0 0 1 1 0 -0 
1 10 10 0.34999999999999998 1 0 -0 0 0 1 0 -1 0 
1 10 10 0.34999999999999998 -0 1 0 0 0 1 1 0 -0 
1 10 10 0.71499999999999997 0 0 1 1 0 -0 -0 1 0 
1 10 192 0.34999999999999998 -0 1 0 0 0 1 1 0 -0 
1 10 10 0.34999999999999998 0 0 1 1 0 -0 -0 1 0 
1 10 10 0 1 0 -0 0 0 1 0 -1 0 
1 192 10 0.34999999999999998 1 0 -0 0 0 1 0 -1 0 
1 192 10 0 1 0 -0 0 0 1 0 -1 0 
1 10 10 0 -0 1 0 0 0 1 1 0 -0 
1 10 192 0 -0 1 0 0 0 1 1 0 -0 
1 10 194.5 0.34999999999999998 1 0 -0 0 0 1 0 -1 0 
1 10 194.5 0.34999999999999998 -0 1 0 0 0 1 1 0 -0 
1 10 194.5 0.71499999999999997 0 0 1 1 0 -0 -0 1 0 
1 10 376.5 0.34999999999999998 -0 1 0 0 0 1 1 0 -0 
1 10 194.5 0.34999999999999998 0 0 1 1 0 -0 -0 1 0 
1 10 194.5 0 1 0 -0 0 0 1 0 -1 0 
1 192 194.5 0.34999999999999998 1 0 -0 0 0 1 0 -1 0 
1 192 194.5 0 1 0 -0 0 0 1 0 -1 0 
1 10 194.5 0 -0 1 0 0 0 1 1 0 -0 
1 10 376.5 0 -0 1 0 0 0 1 1 0 -0 
1 194.5 10 0.34999999999999998 1 0 -0 0 0 1 0 -1 0 
1 194.5 10 0.34999999999999998 -0 1 0 0 0 1 1 0 -0 
1 194.5 10 0.71499999999999997 0 0 1 1 0 -0 -0 1 0 
1 194.5 192 0.34999999999999998 -0 1 0 0 0 1 1 0 -0 
1 194.5 10 0.34999999999999998 0 0 1 1 0 -0 -0 1 0 
1 194.5 10 0 1 0 -0 0 0 1 0 -1 0 
1 376.5 10 0.34999999999999998 1 0 -0 0 0 1 0 -1 0 
1 376.5 10 0 1 0 -0 0 0 1 0 -1 0 
1 194.5 10 0 -0 1 0 0 0 1 1 0 -0 
1 194.5 192 0 -0 1 0 0 0 1 1 0 -0 
1 194.5 194.5 0.34999999999999998 1 0 -0 0 0 1 0 -1 0 
1 194.5 194.5 0.34999999999999998 -0 1 0 0 0 1 1 0 -0 
1 194.5 194.5 0.71499999999999997 0 0 1 1 0 -0 -0 1 0 
1 194.5 376.5 0.34999999999999998 -0 1 0 0 0 1 1 0 -0 
1 194.5 194.5 0.34999999999999998 0 0 1 1 0 -0 -0 1 0 
1 194.5 194.5 0 1 0 -0 0 0 1 0 -1 0 
1 376.5 194.5 0.34999999999999998 1 0 -0 0 0 1 0 -1 0 
1 376.5 194.5 0 1 0 -0 0 0 1 0 -1 0 
1 194.5 194.5 0 -0 1 0 0 0 1 1 0 -0 
1 194.5 376.5 0 -0 1 0 0 0 1 1 0 -0 
1 379 10 0.34999999999999998 1 0 -0 0 0 1 0 -1 0 
1 379 10 0.34999999999999998 -0 1 0 0 0 1 1 0 -0 
1 379 10 0.71499999999999997 0 0 1 1 0 -0 -0 1 0 
1 379 192 0.34999999999999998 -0 1 0 0 0 1 1 0 -0 
1 379 10 0.34999999999999998 0 0 1 1 0 -0 -0 1 0 
1 379 10 0 1 0 -0 0 0 1 0 -1 0 
1 561 10 0.34999999999999998 1 0 -0 0 0 1 0 -1 0 
1 561 10 0 1 0 -0 0 0 1 0 -1 0 
1 379 10 0 -0 1 0 0 0 1 1 0 -0 
1 379 192 0 -0 1 0 0 0 1 1 0 -0 
1 379 194.5 0.34999999999999998 1 0 -0 0 0 1 0 -1 0 
1 379 194.5 0.34999999999999998 -0 1 0 0 0 1 1 0 -0 
1 379 194.5 0.71499999999999997 0 0 1 1 0 -0 -0 1 0 
1 379 376.5 0.34999999999999998 -0 1 0 0 0 1 1 0 -0 
1 379 194.5 0.34999999999999998 0 0 1 1 0 -0 -0 1 0 
1 379 194.5 0 1 0 -0 0 0 1 0 -1 0 
1 561 194.5 0.34999999999999998 1 0 -0 0 0 1 0 -1 0 
1 561 194.5 0 1 0 -0 0 0 1 0 -1 0 
1 379 194.5 0 -0 1 0 0 0 1 1 0 -0 
1 379 376.5 0 -0 1 0 0 0 1 1 0 -0 
1 0 0 0 0 0 1 1 0 -0 -0 1 0 
1 10 10 0 0 0 1 1 0 -0 -0 1 0 
1 8.5 8.5 0 0 0 1 1 0 -0 -0 1 0 
1 10 194.5 0 0 0 1 1 0 -0 -0 1 0 
1 194.5 10 0 0 0 1 1 0 -0 -0 1 0 
1 194.5 194.5 0 0 0 1 1 0 -0 -0 1 0 
1 379 10 0 0 0 1 1 0 -0 -0 1 0 
1 379 194.5 0 0 0 1 1 0 -0 -0 1 0 
1 164.90000000000001 9 -43.274999999999999 1 0 -0 0 0 1 0 -1 0 
1 164.90000000000001 9 -43.274999999999999 -0 1 0 0 0 1 1 0 -0 
1 164.90000000000001 9 -41.774999999999999 0 0 1 1 0 -0 -0 1 0 
1 164.90000000000001 19 -43.274999999999999 -0 1 0 0 0 1 1 0 -0 
1 164.90000000000001 9 -43.274999999999999 0 0 1 1 0 -0 -0 1 0 
1 174.90000000000001 9 -43.274999999999999 1 0 -0 0 0 1 0 -1 0 
1 396.09999999999997 9 -43.274999999999999 1 0 -0 0 0 1 0 -1 0 
1 396.09999999999997 9 -43.274999999999999 -0 1 0 0 0 1 1 0 -0 
1 396.09999999999997 9 -41.774999999999999 0 0 1 1 0 -0 -0 1 0 
1 396.09999999999997 19 -43.274999999999999 -0 1 0 0 0 1 1 0 -0 
1 396.09999999999997 9 -43.274999999999999 0 0 1 1 0 -0 -0 1 0 
1 406.09999999999997 9 -43.274999999999999 1 0 -0 0 0 1 0 -1 0 
1 164.90000000000001 367.5 -43.274999999999999 1 0 -0 0 0 1 0 -1 0 
1 164.90000000000001 367.5 -43.274999999999999 -0 1 0 0 0 1 1 0 -0 
1 164.90000000000001 367.5 -41.774999999999999 0 0 1 1 0 -0 -0 1 0 
1 164.90000000000001 377.5 -43.274999999999999 -0 1 0 0 0 1 1 0 -0 
1 164.90000000000001 367.5 -43.274999999999999 0 0 1 1 0 -0 -0 1 0 
1 174.90000000000001 367.5 -43.274999999999999 1 0 -0 0 0 1 0 -1 0 
1 396.09999999999997 367.5 -43.274999999999999 1 0 -0 0 0 1 0 -1 0 
1 396.09999999999997 367.5 -43.274999999999999 -0 1 0 0 0 1 1 0 -0 
1 396.09999999999997 367.5 -41.774999999999999 0 0 1 1 0 -0 -0 1 0 
1 396.09999999999997 377.5 -43.274999999999999 -0 1 0 0 0 1 1 0 -0 
1 396.09999999999997 367.5 -43.274999999999999 0 0 1 1 0 -0 -0 1 0 
1 406.09999999999997 367.5 -43.274999999999999 1 0 -0 0 0 1 0 -1 0 
Triangulations 0

TShapes 1593
Ve
1.50000046193817e-07
-3.5 -3.5 6.725
0 0

0101101
*
Ve
1.50000064004333e-07
-3.5 -3.5 -43.275
0 0

0101101
*
Ed
 1.50000001601186e-07 1 1 0
1  1 0 -3.3625 46.6375000000001
2  1 2 0 -3.3625 46.6375000000001
2  2 3 0 -3.3625 46.6375000000001
2  3 1 0 -3.3625 46.6375000000001
0

0101000
+1593 0 -1592 0 *
Ve
1.50000075531729e-07
-3.5 390 -43.275
0 0

0101101
*
Ed
 1e-07 1 1 0
1  2 0 16.7 410.2
2  4 1 0 16.7 410.2
2  5 4 0 16.7 410.2
0

0101000
+1592 0 -1590 0 *
Ve
1.50000091075352e-07
-3.49999999999999 390 6.725
0 0

0101101
*
Ed
 1.50000017763568e-07 1 1 0
1  3 0 -46.6375 3.36250000000007
2  6 5 0 -46.6375 3.36250000000007
2  7 6 0 -46.6375 3.36250000000007
2  8 1 0 -46.6375 3.36250000000007
0

0101000
+1590 0 -1588 0 *
Ed
 1e-07 1 1 0
1  4 0 16.7 410.2
2  9 1 0 16.7 410.2
2  10 7 0 16.7 410.2
0

0101000
+1593 0 -1588 0 *
Wi

0101100
-1591 0 -1589 0 -1587 0 +1586 0 *
Fa
0  1e-07 1 0

0101000
+1585 0 *
Ve
1.50000089207784e-07
8.5 8.5 6.725
0 0

0101101
*
Ed
 1.50000001256074e-07 1 1 0
1  5 0 -16.1573899501127 0.813172798364547
2  11 8 0 -16.1573899501127 0.813172798364547
2  12 3 0 -16.1573899501127 0.813172798364547
2  13 7 0 -16.1573899501127 0.813172798364547
0

0101000
+1583 0 -1593 0 *
Ve
1.50000092949474e-07
8.5 8.5 5.225
0 0

0101101
*
Ed
 1.50000005024296e-07 1 1 0
1  6 0 -3.3625 -1.86249999999993
2  14 9 0 -3.3625 -1.86249999999993
2  15 3 0 -3.3625 -1.86249999999993
2  16 10 0 -3.3625 -1.86249999999993
0

0101000
+1583 0 -1581 0 *
Ve
1.50000045297644e-07
-2 -2 5.225
0 0

0101101
*
Ed
 1.50000001256074e-07 1 1 0
1  7 0 -16.1573899501127 -1.3081475451951
2  17 11 0 -16.1573899501127 -1.3081475451951
2  18 3 0 -16.1573899501127 -1.3081475451951
2  19 12 0 -16.1573899501127 -1.3081475451951
2  20 13 0 -16.1573899501127 -1.3081475451951
0

0101000
+1581 0 -1579 0 *
Ve
1.50000065779192e-07
-2 -2 -0.775
0 0

0101101
*
Ed
 1.50000003614624e-07 1 1 0
1  8 0 -2.6125 3.38750000000007
2  21 14 0 -2.6125 3.38750000000007
2  22 3 0 -2.6125 3.38750000000007
2  23 15 0 -2.6125 3.38750000000007
0

0101000
+1579 0 -1577 0 *
Ve
1.50000090437326e-07
8.5 8.5 -0.775
0 0

0101101
*
Ed
 1.50000001256074e-07 1 1 0
1  9 0 5.02045814642447 19.8697005513421
2  24 16 0 5.02045814642447 19.8697005513421
2  25 3 0 5.02045814642447 19.8697005513421
2  26 17 0 5.02045814642447 19.8697005513421
2  27 18 0 5.02045814642447 19.8697005513421
0

0101000
+1577 0 -1575 0 *
Ve
1.50000089200047e-07
8.5 8.5 -2.275
0 0

0101101
*
Ed
 1.50000005024296e-07 1 1 0
1  10 0 0.387499999999997 1.88750000000006
2  28 19 0 0.387499999999997 1.88750000000006
2  29 3 0 0.387499999999997 1.88750000000006
2  30 20 0 0.387499999999997 1.88750000000006
0

0101000
+1575 0 -1573 0 *
Ve
1.50000044444434e-07
3.5 3.5 -2.275
0 0

0101101
*
Ed
 1.50000001986027e-07 1 1 0
1  11 0 -16.1573899501127 -9.08632213824711
2  31 21 0 -16.1573899501127 -9.08632213824711
2  32 3 0 -16.1573899501127 -9.08632213824711
2  33 22 0 -16.1573899501127 -9.08632213824711
0

0101000
+1573 0 -1571 0 *
Ve
1.50000063948846e-07
3.5 3.5 -41.775
0 0

0101101
*
Ed
 1.50000005347542e-07 1 1 0
1  12 0 1.1375 40.6375000000001
2  34 23 0 1.1375 40.6375000000001
2  35 3 0 1.1375 40.6375000000001
2  36 24 0 1.1375 40.6375000000001
0

0101000
+1571 0 -1569 0 *
Ve
1.50000082938936e-07
31.5 31.5 -41.775
0 0

0101101
*
Ed
 1.50000005617334e-07 1 1 0
1  13 0 10.8540890912135 50.4520688376602
2  37 25 0 10.8540890912135 50.4520688376602
2  38 3 0 10.8540890912135 50.4520688376602
2  39 26 0 10.8540890912135 50.4520688376602
0

0101000
+1569 0 -1567 0 *
Ve
1.50000092983415e-07
31.5 31.5 -43.275
0 0

0101101
*
Ed
 1.50000017763568e-07 1 1 0
1  14 0 -21.6375000000001 -20.1375
2  40 27 0 -21.6375000000001 -20.1375
2  41 3 0 -21.6375000000001 -20.1375
2  42 28 0 -21.6375000000001 -20.1375
0

0101000
+1565 0 -1567 0 *
Ed
 1.50000005024296e-07 1 1 0
1  15 0 3.42946788875474 52.9269425718132
2  43 29 0 3.42946788875474 52.9269425718132
2  44 3 0 3.42946788875474 52.9269425718132
2  45 4 0 3.42946788875474 52.9269425718132
0

0101000
+1592 0 -1565 0 *
Wi

0101100
+1582 0 -1580 0 -1578 0 -1576 0 -1574 0 -1572 0 -1570 0 -1568 0 -1566 0 +1564 0 
+1563 0 +1591 0 *
Ve
1.50000063955014e-07
-2 -2 -41.775
0 0

0101101
*
Ve
1.50000091065363e-07
2 2 -41.775
0 0

0101101
*
Ed
 1.50000001938921e-07 1 1 0
1  16 0 5.02045814642447 10.6773123959169
2  46 30 0 5.02045814642447 10.6773123959169
2  47 3 0 5.02045814642447 10.6773123959169
2  48 31 0 5.02045814642447 10.6773123959169
0

0101000
+1561 0 -1560 0 *
Ve
1.50000093579618e-07
2 2 -2.275
0 0

0101101
*
Ed
 1.50000005063396e-07 1 1 0
1  17 0 -20.8875000000001 18.6125
2  49 32 0 -20.8875000000001 18.6125
2  50 3 0 -20.8875000000001 18.6125
2  51 33 0 -20.8875000000001 18.6125
0

0101000
+1560 0 -1558 0 *
Ve
1.50000045297644e-07
-2 -2 -2.275
0 0

0101101
*
Ed
 1.50000000867112e-07 1 1 0
1  18 0 -9.26309883354385 -3.60624458405138
2  52 34 0 -9.26309883354385 -3.60624458405138
2  53 3 0 -9.26309883354385 -3.60624458405138
2  54 35 0 -9.26309883354385 -3.60624458405138
0

0101000
+1558 0 -1556 0 *
Ed
 1.50000003614624e-07 1 1 0
1  19 0 1.1375 40.6375000000001
2  55 36 0 1.1375 40.6375000000001
2  56 3 0 1.1375 40.6375000000001
2  57 37 0 1.1375 40.6375000000001
0

0101000
+1556 0 -1561 0 *
Wi

0101100
-1559 0 -1557 0 -1555 0 -1554 0 *
Fa
0  1e-07 3 0

0101000
+1562 0 +1553 0 *
Ve
1.50000105450383e-07
31.5 355 -43.275
0 0

0101101
*
Ed
 1e-07 1 1 0
1  20 0 51.7 375.2
2  58 28 0 51.7 375.2
2  59 4 0 51.7 375.2
0

0101000
+1565 0 -1551 0 *
Ed
 1.5000005818755e-07 1 1 0
1  21 0 -52.9269425718132 -3.42946788875477
2  60 38 0 -52.9269425718132 -3.42946788875477
2  61 6 0 -52.9269425718132 -3.42946788875477
2  62 4 0 -52.9269425718132 -3.42946788875477
0

0101000
+1551 0 -1590 0 *
Wi

0101100
-1563 0 -1550 0 -1549 0 +1589 0 *
Fa
0  1e-07 4 0

0101000
+1548 0 *
Ve
1.50000120805326e-07
8.5 378 6.725
0 0

0101101
*
Ed
 1.50000020428104e-07 1 1 0
1  22 0 -0.813172798364515 16.1573899501127
2  63 39 0 -0.813172798364515 16.1573899501127
2  64 6 0 -0.813172798364515 16.1573899501127
2  65 7 0 -0.813172798364515 16.1573899501127
0

0101000
+1588 0 -1546 0 *
Ve
1.50000120792265e-07
8.5 378 5.225
0 0

0101101
*
Ed
 1.50000047961635e-07 1 1 0
1  23 0 1.8625 3.36250000000006
2  66 40 0 1.8625 3.36250000000006
2  67 6 0 1.8625 3.36250000000006
2  68 10 0 1.8625 3.36250000000006
0

0101000
+1544 0 -1546 0 *
Ve
1.50000074818489e-07
-2.00000000000001 388.5 5.225
0 0

0101101
*
Ed
 1.50000056843419e-07 1 1 0
1  24 0 1.30814754519513 16.1573899501127
2  69 41 0 1.30814754519513 16.1573899501127
2  70 6 0 1.30814754519513 16.1573899501127
2  71 12 0 1.30814754519513 16.1573899501127
2  72 13 0 1.30814754519513 16.1573899501127
0

0101000
+1542 0 -1544 0 *
Ve
1.50000057917474e-07
-2 388.5 -0.775
0 0

0101101
*
Ed
 1.5000002509104e-07 1 1 0
1  25 0 -3.3875 2.61250000000007
2  73 42 0 -3.3875 2.61250000000007
2  74 6 0 -3.3875 2.61250000000007
2  75 15 0 -3.3875 2.61250000000007
0

0101000
+1540 0 -1542 0 *
Ve
1.50000111500887e-07
8.5 378 -0.775
0 0

0101101
*
Ed
 1.50000023092639e-07 1 1 0
1  26 0 -19.8697005513421 -5.0204581464245
2  76 43 0 -19.8697005513421 -5.0204581464245
2  77 6 0 -19.8697005513421 -5.0204581464245
2  78 17 0 -19.8697005513421 -5.0204581464245
2  79 18 0 -19.8697005513421 -5.0204581464245
0

0101000
+1538 0 -1540 0 *
Ve
1.50000120799612e-07
8.5 378 -2.275
0 0

0101101
*
Ed
 1.50000047961635e-07 1 1 0
1  27 0 -1.8875 -0.387499999999935
2  80 44 0 -1.8875 -0.387499999999935
2  81 6 0 -1.8875 -0.387499999999935
2  82 20 0 -1.8875 -0.387499999999935
0

0101000
+1536 0 -1538 0 *
Ve
1.50000066905838e-07
3.49999999999999 383 -2.275
0 0

0101101
*
Ed
 1.50000057676914e-07 1 1 0
1  28 0 9.08632213824715 16.1573899501127
2  83 45 0 9.08632213824715 16.1573899501127
2  84 6 0 9.08632213824715 16.1573899501127
2  85 22 0 9.08632213824715 16.1573899501127
0

0101000
+1534 0 -1536 0 *
Ve
1.50000060813301e-07
3.5 383 -41.775
0 0

0101101
*
Ed
 1.50000007549517e-07 1 1 0
1  29 0 -40.6375 -1.13749999999993
2  86 46 0 -40.6375 -1.13749999999993
2  87 6 0 -40.6375 -1.13749999999993
2  88 24 0 -40.6375 -1.13749999999993
0

0101000
+1532 0 -1534 0 *
Ve
1.50000096644261e-07
31.5 355 -41.775
0 0

0101101
*
Ed
 1.50000058592855e-07 1 1 0
1  30 0 -50.4520688376603 -10.8540890912135
2  89 47 0 -50.4520688376603 -10.8540890912135
2  90 6 0 -50.4520688376603 -10.8540890912135
2  91 26 0 -50.4520688376603 -10.8540890912135
0

0101000
+1530 0 -1532 0 *
Ed
 1.50000042632564e-07 1 1 0
1  31 0 20.1374999999999 21.6375
2  92 48 0 20.1374999999999 21.6375
2  93 6 0 20.1374999999999 21.6375
2  94 28 0 20.1374999999999 21.6375
0

0101000
+1530 0 -1551 0 *
Wi

0101100
-1587 0 -1545 0 +1543 0 +1541 0 +1539 0 +1537 0 +1535 0 +1533 0 +1531 0 +1529 0 
-1528 0 -1549 0 *
Ve
1.50000101270833e-07
2.00000000000003 384.5 -2.275
0 0

0101101
*
Ve
1.50000082174785e-07
2.00000000000003 384.5 -41.775
0 0

0101101
*
Ed
 1.50000000444089e-07 1 1 0
1  32 0 -18.6125000000001 20.8875
2  95 49 0 -18.6125000000001 20.8875
2  96 6 0 -18.6125000000001 20.8875
2  97 33 0 -18.6125000000001 20.8875
0

0101000
+1526 0 -1525 0 *
Ve
1.5000009194496e-07
-2.00000000000001 388.5 -2.275
0 0

0101101
*
Ed
 1.50000088392246e-07 1 1 0
1  33 0 3.60624458405133 9.2630988335438
2  98 50 0 3.60624458405133 9.2630988335438
2  99 6 0 3.60624458405133 9.2630988335438
2  100 35 0 3.60624458405133 9.2630988335438
0

0101000
+1523 0 -1526 0 *
Ve
1.50000057917474e-07
-2 388.5 -41.775
0 0

0101101
*
Ed
 1.5000002509104e-07 1 1 0
1  34 0 -40.6375 -1.13749999999993
2  101 51 0 -40.6375 -1.13749999999993
2  102 6 0 -40.6375 -1.13749999999993
2  103 37 0 -40.6375 -1.13749999999993
0

0101000
+1521 0 -1523 0 *
Ed
 1.50000016209256e-07 1 1 0
1  35 0 -10.677312395917 -5.0204581464245
2  104 52 0 -10.677312395917 -5.0204581464245
2  105 6 0 -10.677312395917 -5.0204581464245
2  106 31 0 -10.677312395917 -5.0204581464245
0

0101000
+1525 0 -1521 0 *
Wi

0101100
+1524 0 +1522 0 +1520 0 +1519 0 *
Fa
0  1e-07 6 0

0101000
+1527 0 +1518 0 *
Ed
 1.00000001776357e-07 1 1 0
1  36 0 28.7 398.2
2  107 7 0 28.7 398.2
2  108 10 0 28.7 398.2
0

0101000
+1583 0 -1546 0 *
Wi

0101100
-1582 0 -1586 0 -1545 0 +1516 0 *
Fa
0  1e-07 7 0

0101000
+1515 0 *
Ed
 1.00000000444089e-07 1 1 0
1  37 0 28.7 398.2
2  109 10 0 28.7 398.2
2  110 12 0 28.7 398.2
2  111 13 0 28.7 398.2
0

0101000
+1581 0 -1544 0 *
Wi

0101100
-1580 0 -1513 0 -1543 0 +1516 0 *
Fa
0  1e-07 10 0

0101000
+1512 0 *
Ed
 1.00000003552714e-07 1 1 0
1  38 0 18.2 408.7
2  112 12 0 18.2 408.7
2  113 15 0 18.2 408.7
2  114 13 0 18.2 408.7
0

0101000
+1579 0 -1542 0 *
Wi

0101100
-1578 0 -1510 0 -1541 0 +1513 0 *
Fa
0  1e-07 12 0

0101000
+1509 0 *
Ed
 1.00000003552714e-07 1 1 0
1  39 0 18.2 408.7
2  115 15 0 18.2 408.7
2  116 17 0 18.2 408.7
2  117 18 0 18.2 408.7
0

0101000
+1577 0 -1540 0 *
Wi

0101100
-1576 0 -1507 0 -1539 0 +1510 0 *
Fa
0  1e-07 15 0

0101000
+1506 0 *
Ed
 1.00000000444089e-07 1 1 0
1  40 0 28.7 398.2
2  118 17 0 28.7 398.2
2  119 20 0 28.7 398.2
2  120 18 0 28.7 398.2
0

0101000
+1575 0 -1538 0 *
Wi

0101100
-1574 0 -1504 0 -1537 0 +1507 0 *
Fa
0  1e-07 17 0

0101000
+1503 0 *
Ed
 1.00000001332268e-07 1 1 0
1  41 0 28.7 398.2
2  121 20 0 28.7 398.2
2  122 22 0 28.7 398.2
0

0101000
+1573 0 -1536 0 *
Wi

0101100
-1572 0 -1501 0 -1535 0 +1504 0 *
Fa
0  1e-07 20 0

0101000
+1500 0 *
Ed
 1e-07 1 1 0
1  42 0 23.7 403.2
2  123 22 0 23.7 403.2
2  124 24 0 23.7 403.2
0

0101000
+1571 0 -1534 0 *
Wi

0101100
-1570 0 -1498 0 -1533 0 +1501 0 *
Fa
0  1e-07 22 0

0101000
+1497 0 *
Ed
 1e-07 1 1 0
1  43 0 23.7 403.2
2  125 24 0 23.7 403.2
2  126 26 0 23.7 403.2
0

0101000
+1569 0 -1532 0 *
Wi

0101100
-1568 0 -1495 0 -1531 0 +1498 0 *
Fa
0  1e-07 24 0

0101000
+1494 0 *
Ed
 1e-07 1 1 0
1  44 0 51.7 375.2
2  127 26 0 51.7 375.2
2  128 28 0 51.7 375.2
0

0101000
+1567 0 -1530 0 *
Wi

0101100
-1566 0 -1492 0 -1529 0 +1495 0 *
Fa
0  1e-07 26 0

0101000
+1491 0 *
Wi

0101100
-1564 0 -1492 0 -1528 0 +1550 0 *
Fa
0  1e-07 28 0

0101000
+1489 0 *
Ed
 1e-07 1 1 0
1  45 0 22.2 404.7
2  129 33 0 22.2 404.7
2  130 35 0 22.2 404.7
0

0101000
+1558 0 -1526 0 *
Ed
 1e-07 1 1 0
1  46 0 22.2 404.7
2  131 31 0 22.2 404.7
2  132 33 0 22.2 404.7
0

0101000
+1560 0 -1525 0 *
Wi

0101100
-1557 0 -1487 0 -1524 0 +1486 0 *
Fa
0  1e-07 33 0

0101000
+1485 0 *
Ed
 1e-07 1 1 0
1  47 0 18.2 408.7
2  133 35 0 18.2 408.7
2  134 37 0 18.2 408.7
0

0101000
+1556 0 -1523 0 *
Wi

0101100
-1555 0 -1483 0 -1522 0 +1487 0 *
Fa
0  1e-07 35 0

0101000
+1482 0 *
Ed
 1e-07 1 1 0
1  48 0 18.2 408.7
2  135 31 0 18.2 408.7
2  136 37 0 18.2 408.7
0

0101000
+1561 0 -1521 0 *
Wi

0101100
-1554 0 -1480 0 -1520 0 +1483 0 *
Fa
0  1e-07 37 0

0101000
+1479 0 *
Wi

0101100
-1559 0 -1486 0 -1519 0 +1480 0 *
Fa
0  1e-07 31 0

0101000
+1477 0 *
Sh

0101100
+1584 0 +1552 0 +1547 0 -1517 0 +1514 0 -1511 0 -1508 0 -1505 0 -1502 0 -1499 0 
-1496 0 -1493 0 -1490 0 +1488 0 -1484 0 -1481 0 -1478 0 -1476 0 *
So

0100000
+1475 0 *
Ve
1.50000129790342e-07
574.5 -3.5 -43.275
0 0

0101101
*
Ve
1.50000086597396e-07
574.5 -3.5 6.725
0 0

0101101
*
Ed
 1.50000013766765e-07 1 1 0
1  49 0 -46.6375 3.36250000000007
2  137 2 0 -46.6375 3.36250000000007
2  138 54 1 -46.6375 3.36250000000007
2  139 53 0 -46.6375 3.36250000000007
0

0101000
+1473 0 -1472 0 *
Ve
1.50000157193737e-07
574.5 390 -43.275
0 0

0101101
*
Ed
 1e-07 1 1 0
1  50 0 16.7 410.2
2  140 53 0 16.7 410.2
2  141 55 0 16.7 410.2
0

0101000
+1473 0 -1470 0 *
Ve
1.50000172363318e-07
574.5 390 6.725
0 0

0101101
*
Ed
 1.50000113686838e-07 1 1 0
1  51 0 -3.3625 46.6375000000001
2  142 5 0 -3.3625 46.6375000000001
2  143 56 2 -3.3625 46.6375000000001
2  144 53 0 -3.3625 46.6375000000001
0

0101000
+1468 0 -1470 0 *
Ed
 1e-07 1 1 0
1  52 0 16.7 410.2
2  145 53 0 16.7 410.2
2  146 57 0 16.7 410.2
0

0101000
+1472 0 -1468 0 *
Wi

0101100
+1471 0 -1469 0 +1467 0 +1466 0 *
Fa
0  1e-07 53 0

0101000
+1465 0 *
Ve
1.50000130438307e-07
539.5 31.5 -43.275
0 0

0101101
*
Ed
 1.50000040856207e-07 1 1 0
1  53 0 163.235600436915 212.733075119973
2  147 29 0 163.235600436915 212.733075119973
2  148 54 1 163.235600436915 212.733075119973
2  149 55 0 163.235600436915 212.733075119973
0

0101000
+1463 0 -1473 0 *
Ve
1.50000128733795e-07
539.5 31.5 -41.775
0 0

0101101
*
Ed
 1.50000003552714e-07 1 1 0
1  54 0 20.1374999999999 21.6375
2  150 27 0 20.1374999999999 21.6375
2  151 54 1 20.1374999999999 21.6375
2  152 58 0 20.1374999999999 21.6375
0

0101000
+1461 0 -1463 0 *
Ve
1.50000146762582e-07
567.5 3.5 -41.775
0 0

0101101
*
Ed
 1.50000127105749e-07 1 1 0
1  55 0 165.710474171067 205.308453917514
2  153 25 0 165.710474171067 205.308453917514
2  154 54 1 165.710474171067 205.308453917514
2  155 59 0 165.710474171067 205.308453917514
0

0101000
+1461 0 -1459 0 *
Ve
1.50000119237953e-07
567.5 3.50000000000005 -2.275
0 0

0101101
*
Ed
 1.50000000444089e-07 1 1 0
1  56 0 -40.6375 -1.13749999999993
2  156 23 0 -40.6375 -1.13749999999993
2  157 54 1 -40.6375 -1.13749999999993
2  158 60 0 -40.6375 -1.13749999999993
0

0101000
+1459 0 -1457 0 *
Ve
1.50000134323691e-07
562.5 8.50000000000002 -2.275
0 0

0101101
*
Ed
 1.50000030198066e-07 1 1 0
1  57 0 -207.076220870481 -200.005153058615
2  159 21 0 -207.076220870481 -200.005153058615
2  160 54 1 -207.076220870481 -200.005153058615
2  161 61 0 -207.076220870481 -200.005153058615
0

0101000
+1457 0 -1455 0 *
Ve
1.50000114185345e-07
562.5 8.50000000000004 -0.775
0 0

0101101
*
Ed
 1.50000019539925e-07 1 1 0
1  58 0 -1.8875 -0.387499999999935
2  162 19 0 -1.8875 -0.387499999999935
2  163 54 1 -1.8875 -0.387499999999935
2  164 62 0 -1.8875 -0.387499999999935
0

0101000
+1455 0 -1453 0 *
Ve
1.50000094368957e-07
573 -1.99999999999998 -0.775
0 0

0101101
*
Ed
 1.50000038968828e-07 1 1 0
1  59 0 196.292842457386 211.142084862303
2  165 16 0 196.292842457386 211.142084862303
2  166 54 1 196.292842457386 211.142084862303
2  167 63 0 196.292842457386 211.142084862303
2  168 18 0 196.292842457386 211.142084862303
0

0101000
+1453 0 -1451 0 *
Ve
1.50000093258734e-07
573 -1.99999999999998 5.225
0 0

0101101
*
Ed
 1.50000018207658e-07 1 1 0
1  60 0 -3.3875 2.61250000000007
2  169 14 0 -3.3875 2.61250000000007
2  170 54 1 -3.3875 2.61250000000007
2  171 64 0 -3.3875 2.61250000000007
0

0101000
+1451 0 -1449 0 *
Ve
1.50000134627145e-07
562.5 8.50000000000002 5.225
0 0

0101101
*
Ed
 1.5000003907985e-07 1 1 0
1  61 0 -214.854395463533 -200.005153058615
2  172 11 0 -214.854395463533 -200.005153058615
2  173 54 1 -214.854395463533 -200.005153058615
2  174 65 0 -214.854395463533 -200.005153058615
2  175 13 0 -214.854395463533 -200.005153058615
0

0101000
+1449 0 -1447 0 *
Ve
1.50000134329751e-07
562.5 8.50000000000002 6.725
0 0

0101101
*
Ed
 1.50000019539925e-07 1 1 0
1  62 0 1.8625 3.36250000000006
2  176 9 0 1.8625 3.36250000000006
2  177 54 1 1.8625 3.36250000000006
2  178 66 0 1.8625 3.36250000000006
0

0101000
+1447 0 -1445 0 *
Ed
 1.50000031086245e-07 1 1 0
1  63 0 -216.975715807092 -200.005153058615
2  179 8 0 -216.975715807092 -200.005153058615
2  180 54 1 -216.975715807092 -200.005153058615
2  181 57 0 -216.975715807092 -200.005153058615
0

0101000
+1472 0 -1445 0 *
Wi

0101100
+1462 0 +1460 0 -1458 0 -1456 0 -1454 0 -1452 0 -1450 0 -1448 0 -1446 0 -1444 0 
+1443 0 +1471 0 *
Ve
1.50000143451813e-07
569 1.99999999999997 -41.775
0 0

0101101
*
Ve
1.50000092370556e-07
573 -1.99999999999998 -41.775
0 0

0101101
*
Ed
 1.50000038025139e-07 1 1 0
1  64 0 205.485230612811 211.142084862303
2  182 30 0 205.485230612811 211.142084862303
2  183 54 1 205.485230612811 211.142084862303
2  184 67 0 205.485230612811 211.142084862303
0

0101000
+1441 0 -1440 0 *
Ve
1.50000147325884e-07
573 -2 -2.275
0 0

0101101
*
Ed
 1.50000018207658e-07 1 1 0
1  65 0 -40.6375 -1.13749999999993
2  185 36 0 -40.6375 -1.13749999999993
2  186 54 1 -40.6375 -1.13749999999993
2  187 68 0 -40.6375 -1.13749999999993
0

0101000
+1440 0 -1438 0 *
Ve
1.50000135495977e-07
569 1.99999999999997 -2.275
0 0

0101101
*
Ed
 1.50000128526046e-07 1 1 0
1  66 0 -212.556298424676 -206.899444175184
2  188 34 0 -212.556298424676 -206.899444175184
2  189 54 1 -212.556298424676 -206.899444175184
2  190 69 0 -212.556298424676 -206.899444175184
0

0101000
+1438 0 -1436 0 *
Ed
 1.50000004440892e-07 1 1 0
1  67 0 -18.6125000000001 20.8875
2  191 32 0 -18.6125000000001 20.8875
2  192 54 1 -18.6125000000001 20.8875
2  193 70 0 -18.6125000000001 20.8875
0

0101000
+1436 0 -1441 0 *
Wi

0101100
-1439 0 -1437 0 -1435 0 -1434 0 *
Fa
0  1e-07 54 1

0101000
+1442 0 +1433 0 *
Ve
1.50000063948846e-07
539.5 355 -43.275
0 0

0101101
*
Ed
 1e-07 1 1 0
1  68 0 51.7 375.2
2  194 58 0 51.7 375.2
2  195 55 0 51.7 375.2
0

0101000
+1463 0 -1431 0 *
Ed
 1.50000056843419e-07 1 1 0
1  69 0 -212.733075119973 -163.235600436915
2  196 38 0 -212.733075119973 -163.235600436915
2  197 56 2 -212.733075119973 -163.235600436915
2  198 55 0 -212.733075119973 -163.235600436915
0

0101000
+1470 0 -1431 0 *
Wi

0101100
+1462 0 -1430 0 +1429 0 +1469 0 *
Fa
0  1e-07 55 0

0101000
+1428 0 *
Ve
1.50000127105749e-07
539.5 355 -41.775
0 0

0101101
*
Ed
 1.5e-07 1 1 0
1  70 0 -21.6375000000001 -20.1375
2  199 48 0 -21.6375000000001 -20.1375
2  200 56 2 -21.6375000000001 -20.1375
2  201 58 0 -21.6375000000001 -20.1375
0

0101000
+1431 0 -1426 0 *
Ve
1.50000204951861e-07
567.5 383 -41.775
0 0

0101101
*
Ed
 1.50000127105749e-07 1 1 0
1  71 0 -205.308453917514 -165.710474171067
2  202 47 0 -205.308453917514 -165.710474171067
2  203 56 2 -205.308453917514 -165.710474171067
2  204 59 0 -205.308453917514 -165.710474171067
0

0101000
+1424 0 -1426 0 *
Ve
1.50000211286374e-07
567.5 383 -2.275
0 0

0101101
*
Ed
 1.5e-07 1 1 0
1  72 0 1.1375 40.6375000000001
2  205 46 0 1.1375 40.6375000000001
2  206 56 2 1.1375 40.6375000000001
2  207 60 0 1.1375 40.6375000000001
0

0101000
+1422 0 -1424 0 *
Ve
1.50000089526445e-07
562.5 378 -2.275
0 0

0101101
*
Ed
 1.50000056843419e-07 1 1 0
1  73 0 200.005153058615 207.076220870481
2  208 45 0 200.005153058615 207.076220870481
2  209 56 2 200.005153058615 207.076220870481
2  210 61 0 200.005153058615 207.076220870481
0

0101000
+1420 0 -1422 0 *
Ve
1.50000071997599e-07
562.5 378 -0.775
0 0

0101101
*
Ed
 1.5e-07 1 1 0
1  74 0 0.387499999999997 1.88750000000006
2  211 44 0 0.387499999999997 1.88750000000006
2  212 56 2 0.387499999999997 1.88750000000006
2  213 62 0 0.387499999999997 1.88750000000006
0

0101000
+1418 0 -1420 0 *
Ve
1.50000118349774e-07
573 388.5 -0.775
0 0

0101101
*
Ed
 1.50000056843419e-07 1 1 0
1  75 0 -211.142084862303 -196.292842457386
2  214 43 0 -211.142084862303 -196.292842457386
2  215 56 2 -211.142084862303 -196.292842457386
2  216 63 0 -211.142084862303 -196.292842457386
2  217 18 0 -211.142084862303 -196.292842457386
0

0101000
+1416 0 -1418 0 *
Ve
1.50000165653862e-07
573 388.5 5.225
0 0

0101101
*
Ed
 1.5e-07 1 1 0
1  76 0 -2.6125 3.38750000000007
2  218 42 0 -2.6125 3.38750000000007
2  219 56 2 -2.6125 3.38750000000007
2  220 64 0 -2.6125 3.38750000000007
0

0101000
+1414 0 -1416 0 *
Ve
1.50000089293139e-07
562.5 378 5.225
0 0

0101101
*
Ed
 1.50000056843419e-07 1 1 0
1  77 0 200.005153058615 214.854395463533
2  221 41 0 200.005153058615 214.854395463533
2  222 56 2 200.005153058615 214.854395463533
2  223 65 0 200.005153058615 214.854395463533
2  224 13 0 200.005153058615 214.854395463533
0

0101000
+1412 0 -1414 0 *
Ve
1.50000092924337e-07
562.5 378 6.725
0 0

0101101
*
Ed
 1.5e-07 1 1 0
1  78 0 -3.3625 -1.86249999999993
2  225 40 0 -3.3625 -1.86249999999993
2  226 56 2 -3.3625 -1.86249999999993
2  227 66 0 -3.3625 -1.86249999999993
0

0101000
+1410 0 -1412 0 *
Ed
 1.50000056843419e-07 1 1 0
1  79 0 200.005153058615 216.975715807092
2  228 39 0 200.005153058615 216.975715807092
2  229 56 2 200.005153058615 216.975715807092
2  230 57 0 200.005153058615 216.975715807092
0

0101000
+1410 0 -1468 0 *
Wi

0101100
-1467 0 -1429 0 -1425 0 +1423 0 +1421 0 +1419 0 +1417 0 +1415 0 +1413 0 +1411 0 
+1409 0 -1408 0 *
Ve
1.50000211286374e-07
573 388.5 -2.275
0 0

0101101
*
Ve
1.50000117239551e-07
573 388.5 -41.775
0 0

0101101
*
Ed
 1.5e-07 1 1 0
1  80 0 1.1375 40.6375000000001
2  231 51 0 1.1375 40.6375000000001
2  232 56 2 1.1375 40.6375000000001
2  233 68 0 1.1375 40.6375000000001
0

0101000
+1406 0 -1405 0 *
Ve
1.50000148818003e-07
569 384.5 -2.275
0 0

0101101
*
Ed
 1.50000056843419e-07 1 1 0
1  81 0 206.899444175184 212.556298424676
2  234 50 0 206.899444175184 212.556298424676
2  235 56 2 206.899444175184 212.556298424676
2  236 69 0 206.899444175184 212.556298424676
0

0101000
+1403 0 -1406 0 *
Ve
1.50000150484282e-07
569 384.5 -41.775
0 0

0101101
*
Ed
 1.5e-07 1 1 0
1  82 0 -20.8875000000001 18.6125
2  237 49 0 -20.8875000000001 18.6125
2  238 56 2 -20.8875000000001 18.6125
2  239 70 0 -20.8875000000001 18.6125
0

0101000
+1401 0 -1403 0 *
Ed
 1.50000056843419e-07 1 1 0
1  83 0 -211.142084862303 -205.485230612811
2  240 52 0 -211.142084862303 -205.485230612811
2  241 56 2 -211.142084862303 -205.485230612811
2  242 67 0 -211.142084862303 -205.485230612811
0

0101000
+1405 0 -1401 0 *
Wi

0101100
+1404 0 +1402 0 +1400 0 +1399 0 *
Fa
0  1e-07 56 2

0101000
+1407 0 +1398 0 *
Ed
 1.00000001776357e-07 1 1 0
1  84 0 28.7 398.2
2  243 57 0 28.7 398.2
2  244 66 0 28.7 398.2
0

0101000
+1445 0 -1410 0 *
Wi

0101100
+1443 0 -1466 0 +1408 0 +1396 0 *
Fa
0  1e-07 57 0

0101000
+1395 0 *
Ed
 1e-07 1 1 0
1  85 0 51.7 375.2
2  245 59 0 51.7 375.2
2  246 58 0 51.7 375.2
0

0101000
+1461 0 -1426 0 *
Wi

0101100
+1460 0 -1393 0 +1425 0 +1430 0 *
Fa
0  1e-07 58 0

0101000
+1392 0 *
Ed
 1e-07 1 1 0
1  86 0 23.7 403.2
2  247 60 0 23.7 403.2
2  248 59 0 23.7 403.2
0

0101000
+1459 0 -1424 0 *
Wi

0101100
+1458 0 -1393 0 +1423 0 +1390 0 *
Fa
0  1e-07 59 0

0101000
+1389 0 *
Ed
 1e-07 1 1 0
1  87 0 23.7000000000001 403.2
2  249 61 0 23.7000000000001 403.2
2  250 60 0 23.7000000000001 403.2
0

0101000
+1457 0 -1422 0 *
Wi

0101100
+1456 0 -1390 0 +1421 0 +1387 0 *
Fa
0  1e-07 60 0

0101000
+1386 0 *
Ed
 1.00000001332268e-07 1 1 0
1  88 0 28.7 398.2
2  251 62 0 28.7 398.2
2  252 61 0 28.7 398.2
0

0101000
+1455 0 -1420 0 *
Wi

0101100
+1454 0 -1387 0 +1419 0 +1384 0 *
Fa
0  1e-07 61 0

0101000
+1383 0 *
Ed
 1.00000000444089e-07 1 1 0
1  89 0 28.7 398.2
2  253 63 0 28.7 398.2
2  254 62 0 28.7 398.2
2  255 18 0 28.7 398.2
0

0101000
+1453 0 -1418 0 *
Wi

0101100
+1452 0 -1384 0 +1417 0 +1381 0 *
Fa
0  1e-07 62 0

0101000
+1380 0 *
Ed
 1.00000003552714e-07 1 1 0
1  90 0 18.2 408.7
2  256 64 0 18.2 408.7
2  257 63 0 18.2 408.7
2  258 18 0 18.2 408.7
0

0101000
+1451 0 -1416 0 *
Wi

0101100
+1450 0 -1381 0 +1415 0 +1378 0 *
Fa
0  1e-07 63 0

0101000
+1377 0 *
Ed
 1.00000003552714e-07 1 1 0
1  91 0 18.2 408.7
2  259 65 0 18.2 408.7
2  260 64 0 18.2 408.7
2  261 13 0 18.2 408.7
0

0101000
+1449 0 -1414 0 *
Wi

0101100
+1448 0 -1378 0 +1413 0 +1375 0 *
Fa
0  1e-07 64 0

0101000
+1374 0 *
Ed
 1.00000000444089e-07 1 1 0
1  92 0 28.7 398.2
2  262 66 0 28.7 398.2
2  263 65 0 28.7 398.2
2  264 13 0 28.7 398.2
0

0101000
+1447 0 -1412 0 *
Wi

0101100
+1446 0 -1375 0 +1411 0 +1372 0 *
Fa
0  1e-07 65 0

0101000
+1371 0 *
Wi

0101100
+1444 0 -1372 0 +1409 0 +1396 0 *
Fa
0  1e-07 66 0

0101000
+1369 0 *
Ed
 1e-07 1 1 0
1  93 0 22.2 404.7
2  265 67 0 22.2 404.7
2  266 70 0 22.2 404.7
0

0101000
+1441 0 -1401 0 *
Ed
 1e-07 1 1 0
1  94 0 18.2 408.7
2  267 67 0 18.2 408.7
2  268 68 0 18.2 408.7
0

0101000
+1440 0 -1405 0 *
Wi

0101100
+1439 0 -1367 0 +1399 0 +1366 0 *
Fa
0  1e-07 67 0

0101000
+1365 0 *
Ed
 1e-07 1 1 0
1  95 0 18.2 408.7
2  269 69 0 18.2 408.7
2  270 68 0 18.2 408.7
0

0101000
+1438 0 -1406 0 *
Wi

0101100
+1437 0 -1366 0 +1404 0 +1363 0 *
Fa
0  1e-07 68 0

0101000
+1362 0 *
Ed
 1e-07 1 1 0
1  96 0 22.2 404.7
2  271 70 0 22.2 404.7
2  272 69 0 22.2 404.7
0

0101000
+1436 0 -1403 0 *
Wi

0101100
+1435 0 -1363 0 +1402 0 +1360 0 *
Fa
0  1e-07 69 0

0101000
+1359 0 *
Wi

0101100
+1434 0 -1360 0 +1400 0 +1367 0 *
Fa
0  1e-07 70 0

0101000
+1357 0 *
Sh

0101100
-1464 0 +1432 0 -1427 0 -1397 0 -1394 0 -1391 0 +1388 0 +1385 0 +1382 0 +1379 0 
+1376 0 +1373 0 +1370 0 +1368 0 +1364 0 +1361 0 +1358 0 +1356 0 *
So

0100000
+1355 0 *
Ve
1e-07
0 0 1.25
0 0

0101101
*
Ve
1e-07
0 0 4.45
0 0

0101101
*
Ed
 1e-07 1 1 0
1  97 0 1.25 4.45
2  273 71 0 1.25 4.45
2  274 72 0 1.25 4.45
0

0101000
+1353 0 -1352 0 *
Ve
1e-07
0 386.5 4.45
0 0

0101101
*
Ed
 1e-07 1 1 0
1  98 0 0 386.5
2  275 71 0 0 386.5
2  276 73 0 0 386.5
0

0101000
+1352 0 -1350 0 *
Ve
1e-07
0 386.5 1.25
0 0

0101101
*
Ed
 1e-07 1 1 0
1  99 0 1.25 4.45
2  277 71 0 1.25 4.45
2  278 74 0 1.25 4.45
0

0101000
+1348 0 -1350 0 *
Ed
 1e-07 1 1 0
1  100 0 0 386.5
2  279 75 0 0 386.5
2  280 76 0 0 386.5
2  281 77 0 0 386.5
2  282 71 0 0 386.5
0

0101000
+1353 0 -1348 0 *
Wi

0101100
-1351 0 -1349 0 +1347 0 +1346 0 *
Fa
0  1e-07 71 0

0101000
+1345 0 *
Ve
1e-07
571 0 1.25
0 0

0101101
*
Ed
 1e-07 1 1 0
1  101 0 0 571
2  283 78 0 0 571
2  284 76 0 0 571
2  285 79 0 0 571
2  286 72 0 0 571
0

0101000
+1353 0 -1343 0 *
Ve
1e-07
571 0 4.45
0 0

0101101
*
Ed
 1e-07 1 1 0
1  102 0 1.25 4.45
2  287 80 0 1.25 4.45
2  288 72 0 1.25 4.45
0

0101000
+1343 0 -1341 0 *
Ed
 1e-07 1 1 0
1  103 0 0 571
2  289 72 0 0 571
2  290 73 0 0 571
0

0101000
+1352 0 -1341 0 *
Wi

0101100
-1342 0 -1340 0 +1339 0 +1351 0 *
Fa
0  1e-07 72 0

0101000
+1338 0 *
Ve
1e-07
571 386.5 4.45
0 0

0101101
*
Ed
 1e-07 1 1 0
1  104 0 0 571
2  291 74 0 0 571
2  292 73 0 0 571
0

0101000
+1350 0 -1336 0 *
Ed
 1e-07 1 1 0
1  105 0 0 386.5
2  293 80 0 0 386.5
2  294 73 0 0 386.5
0

0101000
+1341 0 -1336 0 *
Wi

0101100
-1349 0 -1335 0 +1339 0 +1334 0 *
Ve
1.50000001776357e-07
8.5 378 4.45
0 0

0101101
*
Ve
1.50000001776357e-07
8.5 8.5 4.45
0 0

0101101
*
Ed
 1.5e-07 1 1 0
1  106 0 -373.75 -4.25
2  295 81 0 -373.75 -4.25
2  296 73 0 -373.75 -4.25
0

0101000
+1332 0 -1331 0 *
Ve
1.50000001776357e-07
562.5 8.5 4.45
0 0

0101101
*
Ed
 1.5e-07 1 1 0
1  107 0 4.25 558.25
2  297 82 0 4.25 558.25
2  298 73 0 4.25 558.25
0

0101000
+1331 0 -1329 0 *
Ve
1.50000001776357e-07
562.5 378 4.45
0 0

0101101
*
Ed
 1.5e-07 1 1 0
1  108 0 -373.75 -4.25
2  299 83 0 -373.75 -4.25
2  300 73 0 -373.75 -4.25
0

0101000
+1327 0 -1329 0 *
Ed
 1.5e-07 1 1 0
1  109 0 4.25 558.25
2  301 84 0 4.25 558.25
2  302 73 0 4.25 558.25
0

0101000
+1332 0 -1327 0 *
Wi

0101100
-1330 0 -1328 0 +1326 0 +1325 0 *
Fa
0  1e-07 73 0

0101000
+1333 0 +1324 0 *
Ve
1e-07
571 386.5 1.25
0 0

0101101
*
Ed
 1e-07 1 1 0
1  110 0 0 571
2  303 85 0 0 571
2  304 76 0 0 571
2  305 86 0 0 571
2  306 74 0 0 571
0

0101000
+1348 0 -1322 0 *
Ed
 1e-07 1 1 0
1  111 0 1.25 4.45
2  307 80 0 1.25 4.45
2  308 74 0 1.25 4.45
0

0101000
+1322 0 -1336 0 *
Wi

0101100
-1321 0 -1320 0 +1335 0 +1347 0 *
Fa
0  1e-07 74 0

0101000
+1319 0 *
Ed
 1e-07 1 1 0
1  112 0 0 386.5
2  309 87 0 0 386.5
2  310 76 0 0 386.5
2  311 88 0 0 386.5
2  312 80 0 0 386.5
0

0101000
+1343 0 -1322 0 *
Wi

0101100
-1346 0 -1321 0 +1342 0 +1317 0 *
Ve
1e-07
8.5 8.5 1.25
0 0

0101101
*
Ve
1e-07
8.5 378 1.25
0 0

0101101
*
Ed
 1e-07 1 1 0
1  113 0 0 369.5
2  313 89 0 0 369.5
2  314 90 0 0 369.5
2  315 76 0 0 369.5
2  316 91 0 0 369.5
0

0101000
+1315 0 -1314 0 *
Ve
1e-07
562.5 8.5 1.25
0 0

0101101
*
Ed
 1e-07 1 1 0
1  114 0 0 554
2  317 92 0 0 554
2  318 90 0 0 554
2  319 76 0 0 554
2  320 93 0 0 554
0

0101000
+1315 0 -1312 0 *
Ve
1e-07
562.5 378 1.25
0 0

0101101
*
Ed
 1e-07 1 1 0
1  115 0 0 369.5
2  321 94 0 0 369.5
2  322 90 0 0 369.5
2  323 76 0 0 369.5
2  324 95 0 0 369.5
0

0101000
+1312 0 -1310 0 *
Ed
 1e-07 1 1 0
1  116 0 0 554
2  325 96 0 0 554
2  326 90 0 0 554
2  327 76 0 0 554
2  328 97 0 0 554
0

0101000
+1314 0 -1310 0 *
Wi

0101100
+1313 0 -1311 0 -1309 0 +1308 0 *
Fa
0  1e-07 76 0

0101000
+1316 0 +1307 0 *
Wi

0101100
-1340 0 -1334 0 +1320 0 +1317 0 *
Fa
0  1e-07 80 0

0101000
+1305 0 *
Ed
 1e-07 1 1 0
1  117 0 0 3.2
2  329 89 0 0 3.2
2  330 92 0 0 3.2
0

0101000
+1315 0 -1331 0 *
Ed
 1e-07 1 1 0
1  118 0 0 3.2
2  331 89 0 0 3.2
2  332 96 0 0 3.2
0

0101000
+1314 0 -1332 0 *
Wi

0101100
-1303 0 +1330 0 +1302 0 +1313 0 *
Fa
0  1e-07 89 0

0101000
+1301 0 *
Ed
 1e-07 1 1 0
1  119 0 0 3.2
2  333 94 0 0 3.2
2  334 92 0 0 3.2
0

0101000
+1312 0 -1329 0 *
Wi

0101100
-1311 0 -1299 0 +1328 0 +1303 0 *
Fa
0  1e-07 92 0

0101000
+1298 0 *
Ed
 1e-07 1 1 0
1  120 0 0 3.2
2  335 94 0 0 3.2
2  336 96 0 0 3.2
0

0101000
+1310 0 -1327 0 *
Wi

0101100
-1299 0 +1326 0 +1296 0 +1309 0 *
Fa
0  1e-07 94 0

0101000
+1295 0 *
Wi

0101100
-1308 0 -1296 0 +1325 0 +1302 0 *
Fa
0  1e-07 96 0

0101000
+1293 0 *
Sh

0101100
-1344 0 -1337 0 +1323 0 +1318 0 -1306 0 +1304 0 +1300 0 +1297 0 -1294 0 -1292 0 
*
So

0100000
+1291 0 *
Ve
1e-07
10 10 1.25
0 0

0101101
*
Ve
1e-07
10 10 4.45
0 0

0101101
*
Ed
 1e-07 1 1 0
1  121 0 0 3.2
2  337 98 0 0 3.2
2  338 99 0 0 3.2
0

0101000
+1289 0 -1288 0 *
Ve
1e-07
10 192 4.45
0 0

0101101
*
Ed
 1e-07 1 1 0
1  122 0 0 182
2  339 98 0 0 182
2  340 100 0 0 182
2  341 101 0 0 182
0

0101000
-1286 0 +1288 0 *
Ve
1e-07
10 192 1.25
0 0

0101101
*
Ed
 1e-07 1 1 0
1  123 0 0 3.2
2  342 98 0 0 3.2
2  343 102 0 0 3.2
0

0101000
+1284 0 -1286 0 *
Ed
 1e-07 1 1 0
1  124 0 0 182
2  344 98 0 0 182
2  345 103 0 0 182
2  346 90 0 0 182
2  347 104 0 0 182
0

0101000
+1289 0 -1284 0 *
Wi

0101100
-1287 0 -1285 0 +1283 0 +1282 0 *
Fa
0  1e-07 98 0

0101000
+1281 0 *
Ve
1e-07
192 10 1.25
0 0

0101101
*
Ve
1e-07
192 10 4.45
0 0

0101101
*
Ed
 1e-07 1 1 0
1  125 0 0 3.2
2  348 105 0 0 3.2
2  349 99 0 0 3.2
0

0101000
+1279 0 -1278 0 *
Ve
1e-07
192 192 4.45
0 0

0101101
*
Ed
 1e-07 1 1 0
1  126 0 0 182
2  350 105 0 0 182
2  351 100 0 0 182
2  352 101 0 0 182
0

0101000
-1276 0 +1278 0 *
Ve
1e-07
192 192 1.25
0 0

0101101
*
Ed
 1e-07 1 1 0
1  127 0 0 3.2
2  353 105 0 0 3.2
2  354 102 0 0 3.2
0

0101000
+1274 0 -1276 0 *
Ed
 1e-07 1 1 0
1  128 0 0 182
2  355 105 0 0 182
2  356 103 0 0 182
2  357 90 0 0 182
2  358 106 0 0 182
0

0101000
+1279 0 -1274 0 *
Wi

0101100
-1277 0 -1275 0 +1273 0 +1272 0 *
Fa
0  1e-07 105 0

0101000
+1271 0 *
Ed
 1e-07 1 1 0
1  129 0 0 182
2  359 99 0 0 182
2  360 103 0 0 182
2  361 90 0 0 182
2  362 107 0 0 182
0

0101000
+1289 0 -1279 0 *
Ed
 1e-07 1 1 0
1  130 0 0 182
2  363 99 0 0 182
2  364 100 0 0 182
2  365 101 0 0 182
0

0101000
-1278 0 +1288 0 *
Wi

0101100
-1269 0 -1277 0 +1268 0 +1287 0 *
Fa
0  1e-07 99 0

0101000
+1267 0 *
Ed
 1e-07 1 1 0
1  131 0 0 182
2  366 102 0 0 182
2  367 103 0 0 182
2  368 90 0 0 182
2  369 108 0 0 182
0

0101000
+1284 0 -1274 0 *
Ed
 1e-07 1 1 0
1  132 0 0 182
2  370 102 0 0 182
2  371 100 0 0 182
2  372 101 0 0 182
0

0101000
-1276 0 +1286 0 *
Wi

0101100
-1265 0 -1273 0 +1264 0 +1283 0 *
Fa
0  1e-07 102 0

0101000
+1263 0 *
Wi

0101100
-1282 0 -1265 0 +1272 0 +1269 0 *
Fa
0  1e-07 103 0

0101000
+1261 0 *
Wi

0101100
-1285 0 -1264 0 +1275 0 +1268 0 *
Fa
0  1e-07 100 0

0111000
+1259 0 *
Sh

0101100
-1280 0 +1270 0 -1266 0 +1262 0 -1260 0 +1258 0 *
So

0100000
+1257 0 *
Ve
1e-07
10 194.5 1.25
0 0

0101101
*
Ve
1e-07
10 194.5 4.45
0 0

0101101
*
Ed
 1e-07 1 1 0
1  133 0 0 3.2
2  373 109 0 0 3.2
2  374 110 0 0 3.2
0

0101000
+1255 0 -1254 0 *
Ve
1e-07
10 376.5 4.45
0 0

0101101
*
Ed
 1e-07 1 1 0
1  134 0 0 182
2  375 109 0 0 182
2  376 111 0 0 182
2  377 101 0 0 182
0

0101000
-1252 0 +1254 0 *
Ve
1e-07
10 376.5 1.25
0 0

0101101
*
Ed
 1e-07 1 1 0
1  135 0 0 3.2
2  378 109 0 0 3.2
2  379 112 0 0 3.2
0

0101000
+1250 0 -1252 0 *
Ed
 1e-07 1 1 0
1  136 0 0 182
2  380 109 0 0 182
2  381 113 0 0 182
2  382 90 0 0 182
2  383 114 0 0 182
0

0101000
+1255 0 -1250 0 *
Wi

0101100
-1253 0 -1251 0 +1249 0 +1248 0 *
Fa
0  1e-07 109 0

0101000
+1247 0 *
Ve
1e-07
192 194.5 1.25
0 0

0101101
*
Ve
1e-07
192 194.5 4.45
0 0

0101101
*
Ed
 1e-07 1 1 0
1  137 0 0 3.2
2  384 115 0 0 3.2
2  385 110 0 0 3.2
0

0101000
+1245 0 -1244 0 *
Ve
1e-07
192 376.5 4.45
0 0

0101101
*
Ed
 1e-07 1 1 0
1  138 0 0 182
2  386 115 0 0 182
2  387 111 0 0 182
2  388 101 0 0 182
0

0101000
-1242 0 +1244 0 *
Ve
1e-07
192 376.5 1.25
0 0

0101101
*
Ed
 1e-07 1 1 0
1  139 0 0 3.2
2  389 115 0 0 3.2
2  390 112 0 0 3.2
0

0101000
+1240 0 -1242 0 *
Ed
 1e-07 1 1 0
1  140 0 0 182
2  391 115 0 0 182
2  392 113 0 0 182
2  393 90 0 0 182
2  394 116 0 0 182
0

0101000
+1245 0 -1240 0 *
Wi

0101100
-1243 0 -1241 0 +1239 0 +1238 0 *
Fa
0  1e-07 115 0

0101000
+1237 0 *
Ed
 1e-07 1 1 0
1  141 0 0 182
2  395 110 0 0 182
2  396 113 0 0 182
2  397 90 0 0 182
2  398 117 0 0 182
0

0101000
+1255 0 -1245 0 *
Ed
 1e-07 1 1 0
1  142 0 0 182
2  399 110 0 0 182
2  400 111 0 0 182
2  401 101 0 0 182
0

0101000
-1244 0 +1254 0 *
Wi

0101100
-1235 0 -1243 0 +1234 0 +1253 0 *
Fa
0  1e-07 110 0

0101000
+1233 0 *
Ed
 1e-07 1 1 0
1  143 0 0 182
2  402 112 0 0 182
2  403 113 0 0 182
2  404 90 0 0 182
2  405 118 0 0 182
0

0101000
+1250 0 -1240 0 *
Ed
 1e-07 1 1 0
1  144 0 0 182
2  406 112 0 0 182
2  407 111 0 0 182
2  408 101 0 0 182
0

0101000
-1242 0 +1252 0 *
Wi

0101100
-1231 0 -1239 0 +1230 0 +1249 0 *
Fa
0  1e-07 112 0

0101000
+1229 0 *
Wi

0101100
-1248 0 -1231 0 +1238 0 +1235 0 *
Fa
0  1e-07 113 0

0101000
+1227 0 *
Wi

0101100
-1251 0 -1230 0 +1241 0 +1234 0 *
Fa
0  1e-07 111 0

0111000
+1225 0 *
Sh

0101100
-1246 0 +1236 0 -1232 0 +1228 0 -1226 0 +1224 0 *
So

0100000
+1223 0 *
Ve
1e-07
194.5 10 1.25
0 0

0101101
*
Ve
1e-07
194.5 10 4.45
0 0

0101101
*
Ed
 1e-07 1 1 0
1  145 0 0 3.2
2  409 119 0 0 3.2
2  410 120 0 0 3.2
0

0101000
+1221 0 -1220 0 *
Ve
1e-07
194.5 192 4.45
0 0

0101101
*
Ed
 1e-07 1 1 0
1  146 0 0 182
2  411 119 0 0 182
2  412 121 0 0 182
2  413 101 0 0 182
0

0101000
-1218 0 +1220 0 *
Ve
1e-07
194.5 192 1.25
0 0

0101101
*
Ed
 1e-07 1 1 0
1  147 0 0 3.2
2  414 119 0 0 3.2
2  415 122 0 0 3.2
0

0101000
+1216 0 -1218 0 *
Ed
 1e-07 1 1 0
1  148 0 0 182
2  416 119 0 0 182
2  417 123 0 0 182
2  418 90 0 0 182
2  419 124 0 0 182
0

0101000
+1221 0 -1216 0 *
Wi

0101100
-1219 0 -1217 0 +1215 0 +1214 0 *
Fa
0  1e-07 119 0

0101000
+1213 0 *
Ve
1e-07
376.5 10 1.25
0 0

0101101
*
Ve
1e-07
376.5 10 4.45
0 0

0101101
*
Ed
 1e-07 1 1 0
1  149 0 0 3.2
2  420 125 0 0 3.2
2  421 120 0 0 3.2
0

0101000
+1211 0 -1210 0 *
Ve
1e-07
376.5 192 4.45
0 0

0101101
*
Ed
 1e-07 1 1 0
1  150 0 0 182
2  422 125 0 0 182
2  423 121 0 0 182
2  424 101 0 0 182
0

0101000
-1208 0 +1210 0 *
Ve
1e-07
376.5 192 1.25
0 0

0101101
*
Ed
 1e-07 1 1 0
1  151 0 0 3.2
2  425 125 0 0 3.2
2  426 122 0 0 3.2
0

0101000
+1206 0 -1208 0 *
Ed
 1e-07 1 1 0
1  152 0 0 182
2  427 125 0 0 182
2  428 123 0 0 182
2  429 90 0 0 182
2  430 126 0 0 182
0

0101000
+1211 0 -1206 0 *
Wi

0101100
-1209 0 -1207 0 +1205 0 +1204 0 *
Fa
0  1e-07 125 0

0101000
+1203 0 *
Ed
 1e-07 1 1 0
1  153 0 0 182
2  431 120 0 0 182
2  432 123 0 0 182
2  433 90 0 0 182
2  434 127 0 0 182
0

0101000
+1221 0 -1211 0 *
Ed
 1e-07 1 1 0
1  154 0 0 182
2  435 120 0 0 182
2  436 121 0 0 182
2  437 101 0 0 182
0

0101000
-1210 0 +1220 0 *
Wi

0101100
-1201 0 -1209 0 +1200 0 +1219 0 *
Fa
0  1e-07 120 0

0101000
+1199 0 *
Ed
 1e-07 1 1 0
1  155 0 0 182
2  438 122 0 0 182
2  439 123 0 0 182
2  440 90 0 0 182
2  441 128 0 0 182
0

0101000
+1216 0 -1206 0 *
Ed
 1e-07 1 1 0
1  156 0 0 182
2  442 122 0 0 182
2  443 121 0 0 182
2  444 101 0 0 182
0

0101000
-1208 0 +1218 0 *
Wi

0101100
-1197 0 -1205 0 +1196 0 +1215 0 *
Fa
0  1e-07 122 0

0101000
+1195 0 *
Wi

0101100
-1214 0 -1197 0 +1204 0 +1201 0 *
Fa
0  1e-07 123 0

0101000
+1193 0 *
Wi

0101100
-1217 0 -1196 0 +1207 0 +1200 0 *
Fa
0  1e-07 121 0

0111000
+1191 0 *
Sh

0101100
-1212 0 +1202 0 -1198 0 +1194 0 -1192 0 +1190 0 *
So

0100000
+1189 0 *
Ve
1e-07
194.5 194.5 1.25
0 0

0101101
*
Ve
1e-07
194.5 194.5 4.45
0 0

0101101
*
Ed
 1e-07 1 1 0
1  157 0 0 3.2
2  445 129 0 0 3.2
2  446 130 0 0 3.2
0

0101000
+1187 0 -1186 0 *
Ve
1e-07
194.5 376.5 4.45
0 0

0101101
*
Ed
 1e-07 1 1 0
1  158 0 0 182
2  447 129 0 0 182
2  448 131 0 0 182
2  449 101 0 0 182
0

0101000
-1184 0 +1186 0 *
Ve
1e-07
194.5 376.5 1.25
0 0

0101101
*
Ed
 1e-07 1 1 0
1  159 0 0 3.2
2  450 129 0 0 3.2
2  451 132 0 0 3.2
0

0101000
+1182 0 -1184 0 *
Ed
 1e-07 1 1 0
1  160 0 0 182
2  452 129 0 0 182
2  453 133 0 0 182
2  454 90 0 0 182
2  455 134 0 0 182
0

0101000
+1187 0 -1182 0 *
Wi

0101100
-1185 0 -1183 0 +1181 0 +1180 0 *
Fa
0  1e-07 129 0

0101000
+1179 0 *
Ve
1e-07
376.5 194.5 1.25
0 0

0101101
*
Ve
1e-07
376.5 194.5 4.45
0 0

0101101
*
Ed
 1e-07 1 1 0
1  161 0 0 3.2
2  456 135 0 0 3.2
2  457 130 0 0 3.2
0

0101000
+1177 0 -1176 0 *
Ve
1e-07
376.5 376.5 4.45
0 0

0101101
*
Ed
 1e-07 1 1 0
1  162 0 0 182
2  458 135 0 0 182
2  459 131 0 0 182
2  460 101 0 0 182
0

0101000
-1174 0 +1176 0 *
Ve
1e-07
376.5 376.5 1.25
0 0

0101101
*
Ed
 1e-07 1 1 0
1  163 0 0 3.2
2  461 135 0 0 3.2
2  462 132 0 0 3.2
0

0101000
+1172 0 -1174 0 *
Ed
 1e-07 1 1 0
1  164 0 0 182
2  463 135 0 0 182
2  464 133 0 0 182
2  465 90 0 0 182
2  466 136 0 0 182
0

0101000
+1177 0 -1172 0 *
Wi

0101100
-1175 0 -1173 0 +1171 0 +1170 0 *
Fa
0  1e-07 135 0

0101000
+1169 0 *
Ed
 1e-07 1 1 0
1  165 0 0 182
2  467 130 0 0 182
2  468 133 0 0 182
2  469 90 0 0 182
2  470 137 0 0 182
0

0101000
+1187 0 -1177 0 *
Ed
 1e-07 1 1 0
1  166 0 0 182
2  471 130 0 0 182
2  472 131 0 0 182
2  473 101 0 0 182
0

0101000
-1176 0 +1186 0 *
Wi

0101100
-1167 0 -1175 0 +1166 0 +1185 0 *
Fa
0  1e-07 130 0

0101000
+1165 0 *
Ed
 1e-07 1 1 0
1  167 0 0 182
2  474 132 0 0 182
2  475 133 0 0 182
2  476 90 0 0 182
2  477 138 0 0 182
0

0101000
+1182 0 -1172 0 *
Ed
 1e-07 1 1 0
1  168 0 0 182
2  478 132 0 0 182
2  479 131 0 0 182
2  480 101 0 0 182
0

0101000
-1174 0 +1184 0 *
Wi

0101100
-1163 0 -1171 0 +1162 0 +1181 0 *
Fa
0  1e-07 132 0

0101000
+1161 0 *
Wi

0101100
-1180 0 -1163 0 +1170 0 +1167 0 *
Fa
0  1e-07 133 0

0101000
+1159 0 *
Wi

0101100
-1183 0 -1162 0 +1173 0 +1166 0 *
Fa
0  1e-07 131 0

0111000
+1157 0 *
Sh

0101100
-1178 0 +1168 0 -1164 0 +1160 0 -1158 0 +1156 0 *
So

0100000
+1155 0 *
Ve
1e-07
379 10 1.25
0 0

0101101
*
Ve
1e-07
379 10 4.45
0 0

0101101
*
Ed
 1e-07 1 1 0
1  169 0 0 3.2
2  481 139 0 0 3.2
2  482 140 0 0 3.2
0

0101000
+1153 0 -1152 0 *
Ve
1e-07
379 192 4.45
0 0

0101101
*
Ed
 1e-07 1 1 0
1  170 0 0 182
2  483 139 0 0 182
2  484 141 0 0 182
2  485 101 0 0 182
0

0101000
-1150 0 +1152 0 *
Ve
1e-07
379 192 1.25
0 0

0101101
*
Ed
 1e-07 1 1 0
1  171 0 0 3.2
2  486 139 0 0 3.2
2  487 142 0 0 3.2
0

0101000
+1148 0 -1150 0 *
Ed
 1e-07 1 1 0
1  172 0 0 182
2  488 139 0 0 182
2  489 143 0 0 182
2  490 90 0 0 182
2  491 144 0 0 182
0

0101000
+1153 0 -1148 0 *
Wi

0101100
-1151 0 -1149 0 +1147 0 +1146 0 *
Fa
0  1e-07 139 0

0101000
+1145 0 *
Ve
1e-07
561 10 1.25
0 0

0101101
*
Ve
1e-07
561 10 4.45
0 0

0101101
*
Ed
 1e-07 1 1 0
1  173 0 0 3.2
2  492 145 0 0 3.2
2  493 140 0 0 3.2
0

0101000
+1143 0 -1142 0 *
Ve
1e-07
561 192 4.45
0 0

0101101
*
Ed
 1e-07 1 1 0
1  174 0 0 182
2  494 145 0 0 182
2  495 141 0 0 182
2  496 101 0 0 182
0

0101000
-1140 0 +1142 0 *
Ve
1e-07
561 192 1.25
0 0

0101101
*
Ed
 1e-07 1 1 0
1  175 0 0 3.2
2  497 145 0 0 3.2
2  498 142 0 0 3.2
0

0101000
+1138 0 -1140 0 *
Ed
 1e-07 1 1 0
1  176 0 0 182
2  499 145 0 0 182
2  500 143 0 0 182
2  501 90 0 0 182
2  502 146 0 0 182
0

0101000
+1143 0 -1138 0 *
Wi

0101100
-1141 0 -1139 0 +1137 0 +1136 0 *
Fa
0  1e-07 145 0

0101000
+1135 0 *
Ed
 1e-07 1 1 0
1  177 0 0 182
2  503 140 0 0 182
2  504 143 0 0 182
2  505 90 0 0 182
2  506 147 0 0 182
0

0101000
+1153 0 -1143 0 *
Ed
 1e-07 1 1 0
1  178 0 0 182
2  507 140 0 0 182
2  508 141 0 0 182
2  509 101 0 0 182
0

0101000
-1142 0 +1152 0 *
Wi

0101100
-1133 0 -1141 0 +1132 0 +1151 0 *
Fa
0  1e-07 140 0

0101000
+1131 0 *
Ed
 1e-07 1 1 0
1  179 0 0 182
2  510 142 0 0 182
2  511 143 0 0 182
2  512 90 0 0 182
2  513 148 0 0 182
0

0101000
+1148 0 -1138 0 *
Ed
 1e-07 1 1 0
1  180 0 0 182
2  514 142 0 0 182
2  515 141 0 0 182
2  516 101 0 0 182
0

0101000
-1140 0 +1150 0 *
Wi

0101100
-1129 0 -1137 0 +1128 0 +1147 0 *
Fa
0  1e-07 142 0

0101000
+1127 0 *
Wi

0101100
-1146 0 -1129 0 +1136 0 +1133 0 *
Fa
0  1e-07 143 0

0101000
+1125 0 *
Wi

0101100
-1149 0 -1128 0 +1139 0 +1132 0 *
Fa
0  1e-07 141 0

0111000
+1123 0 *
Sh

0101100
-1144 0 +1134 0 -1130 0 +1126 0 -1124 0 +1122 0 *
So

0100000
+1121 0 *
Ve
1e-07
379 194.5 1.25
0 0

0101101
*
Ve
1e-07
379 194.5 4.45
0 0

0101101
*
Ed
 1e-07 1 1 0
1  181 0 0 3.2
2  517 149 0 0 3.2
2  518 150 0 0 3.2
0

0101000
+1119 0 -1118 0 *
Ve
1e-07
379 376.5 4.45
0 0

0101101
*
Ed
 1e-07 1 1 0
1  182 0 0 182
2  519 149 0 0 182
2  520 151 0 0 182
2  521 101 0 0 182
0

0101000
-1116 0 +1118 0 *
Ve
1e-07
379 376.5 1.25
0 0

0101101
*
Ed
 1e-07 1 1 0
1  183 0 0 3.2
2  522 149 0 0 3.2
2  523 152 0 0 3.2
0

0101000
+1114 0 -1116 0 *
Ed
 1e-07 1 1 0
1  184 0 0 182
2  524 149 0 0 182
2  525 153 0 0 182
2  526 90 0 0 182
2  527 154 0 0 182
0

0101000
+1119 0 -1114 0 *
Wi

0101100
-1117 0 -1115 0 +1113 0 +1112 0 *
Fa
0  1e-07 149 0

0101000
+1111 0 *
Ve
1e-07
561 194.5 1.25
0 0

0101101
*
Ve
1e-07
561 194.5 4.45
0 0

0101101
*
Ed
 1e-07 1 1 0
1  185 0 0 3.2
2  528 155 0 0 3.2
2  529 150 0 0 3.2
0

0101000
+1109 0 -1108 0 *
Ve
1e-07
561 376.5 4.45
0 0

0101101
*
Ed
 1e-07 1 1 0
1  186 0 0 182
2  530 155 0 0 182
2  531 151 0 0 182
2  532 101 0 0 182
0

0101000
-1106 0 +1108 0 *
Ve
1e-07
561 376.5 1.25
0 0

0101101
*
Ed
 1e-07 1 1 0
1  187 0 0 3.2
2  533 155 0 0 3.2
2  534 152 0 0 3.2
0

0101000
+1104 0 -1106 0 *
Ed
 1e-07 1 1 0
1  188 0 0 182
2  535 155 0 0 182
2  536 153 0 0 182
2  537 90 0 0 182
2  538 156 0 0 182
0

0101000
+1109 0 -1104 0 *
Wi

0101100
-1107 0 -1105 0 +1103 0 +1102 0 *
Fa
0  1e-07 155 0

0101000
+1101 0 *
Ed
 1e-07 1 1 0
1  189 0 0 182
2  539 150 0 0 182
2  540 153 0 0 182
2  541 90 0 0 182
2  542 157 0 0 182
0

0101000
+1119 0 -1109 0 *
Ed
 1e-07 1 1 0
1  190 0 0 182
2  543 150 0 0 182
2  544 151 0 0 182
2  545 101 0 0 182
0

0101000
-1108 0 +1118 0 *
Wi

0101100
-1099 0 -1107 0 +1098 0 +1117 0 *
Fa
0  1e-07 150 0

0101000
+1097 0 *
Ed
 1e-07 1 1 0
1  191 0 0 182
2  546 152 0 0 182
2  547 153 0 0 182
2  548 90 0 0 182
2  549 158 0 0 182
0

0101000
+1114 0 -1104 0 *
Ed
 1e-07 1 1 0
1  192 0 0 182
2  550 152 0 0 182
2  551 151 0 0 182
2  552 101 0 0 182
0

0101000
-1106 0 +1116 0 *
Wi

0101100
-1095 0 -1103 0 +1094 0 +1113 0 *
Fa
0  1e-07 152 0

0101000
+1093 0 *
Wi

0101100
-1112 0 -1095 0 +1102 0 +1099 0 *
Fa
0  1e-07 153 0

0101000
+1091 0 *
Wi

0101100
-1115 0 -1094 0 +1105 0 +1098 0 *
Fa
0  1e-07 151 0

0111000
+1089 0 *
Sh

0101100
-1110 0 +1100 0 -1096 0 +1092 0 -1090 0 +1088 0 *
So

0100000
+1087 0 *
Wi

0101100
+1330 0 -1325 0 +1328 0 -1326 0 *
Wi

0101100
+1285 0 -1268 0 -1275 0 +1264 0 *
Wi

0101100
+1217 0 -1200 0 -1207 0 +1196 0 *
Wi

0101100
+1149 0 -1132 0 -1139 0 +1128 0 *
Wi

0101100
+1251 0 -1234 0 -1241 0 +1230 0 *
Wi

0101100
+1183 0 -1166 0 -1173 0 +1162 0 *
Wi

0101100
+1115 0 -1098 0 -1105 0 +1094 0 *
Fa
0  1e-07 101 0

0101000
+1085 0 +1084 0 +1083 0 +1082 0 +1081 0 +1080 0 +1079 0 *
Wi

0101100
-1313 0 -1308 0 +1311 0 +1309 0 *
Wi

0101100
+1282 0 -1269 0 -1272 0 +1265 0 *
Wi

0101100
+1214 0 -1201 0 -1204 0 +1197 0 *
Wi

0101100
+1146 0 -1133 0 -1136 0 +1129 0 *
Wi

0101100
+1248 0 -1235 0 -1238 0 +1231 0 *
Wi

0101100
+1180 0 -1167 0 -1170 0 +1163 0 *
Wi

0101100
+1112 0 -1099 0 -1102 0 +1095 0 *
Fa
0  1e-07 90 0

0101000
+1077 0 +1076 0 +1075 0 +1074 0 +1073 0 +1072 0 +1071 0 *
Sh

0101100
-1300 0 -1297 0 +1078 0 +1292 0 -1070 0 +1294 0 +1280 0 +1266 0 -1270 0 -1262 0 
+1212 0 +1198 0 -1202 0 -1194 0 +1144 0 +1130 0 -1134 0 -1126 0 +1246 0 +1232 0 
-1236 0 -1228 0 +1178 0 +1164 0 -1168 0 -1160 0 +1110 0 +1096 0 -1100 0 -1092 0 
*
So

0100000
+1069 0 *
Ve
1e-07
0 0 0.885
0 0

0101101
*
Ed
 1e-07 1 1 0
1  193 0 0 0.365
2  553 77 0 0 0.365
2  554 79 0 0 0.365
2  555 71 0 0 0.365
2  556 72 0 0 0.365
0

0101000
+1067 0 -1353 0 *
Ve
1e-07
0 386.5 0.885
0 0

0101101
*
Ed
 1e-07 1 1 0
1  194 0 0 0.365
2  557 77 0 0 0.365
2  558 86 0 0 0.365
2  559 71 0 0 0.365
2  560 74 0 0 0.365
0

0101000
+1065 0 -1348 0 *
Ed
 1e-07 1 1 0
1  195 0 0 386.5
2  561 77 0 0 386.5
2  562 159 0 0 386.5
2  563 160 0 0 386.5
2  564 71 0 0 386.5
0

0101000
+1067 0 -1065 0 *
Wi

0101100
-1066 0 -1346 0 +1064 0 +1063 0 *
Fa
0  1e-07 77 0

0101000
+1062 0 *
Ve
1e-07
571 0 0.885
0 0

0101101
*
Ed
 1e-07 1 1 0
1  196 0 0 571
2  565 79 0 0 571
2  566 159 0 0 571
2  567 161 0 0 571
2  568 72 0 0 571
0

0101000
+1067 0 -1060 0 *
Ed
 1e-07 1 1 0
1  197 0 0 0.365
2  569 88 0 0 0.365
2  570 79 0 0 0.365
2  571 72 0 0 0.365
2  572 80 0 0 0.365
0

0101000
+1060 0 -1343 0 *
Wi

0101100
-1059 0 -1058 0 +1342 0 +1066 0 *
Fa
0  1e-07 79 0

0101000
+1057 0 *
Ve
1e-07
571 386.5 0.885
0 0

0101101
*
Ed
 1e-07 1 1 0
1  198 0 0 571
2  573 86 0 0 571
2  574 159 0 0 571
2  575 162 0 0 571
2  576 74 0 0 571
0

0101000
+1065 0 -1055 0 *
Ed
 1e-07 1 1 0
1  199 0 0 0.365
2  577 88 0 0 0.365
2  578 86 0 0 0.365
2  579 74 0 0 0.365
2  580 80 0 0 0.365
0

0101000
+1055 0 -1322 0 *
Wi

0101100
-1054 0 -1053 0 +1321 0 +1064 0 *
Fa
0  1e-07 86 0

0101000
+1052 0 *
Ed
 1e-07 1 1 0
1  200 0 0 386.5
2  581 88 0 0 386.5
2  582 159 0 0 386.5
2  583 163 0 0 386.5
2  584 80 0 0 386.5
0

0101000
+1060 0 -1055 0 *
Wi

0101100
-1063 0 -1054 0 +1059 0 +1050 0 *
Ve
1e-07
8.5 8.5 0.885
0 0

0101101
*
Ve
1e-07
8.5 378 0.885
0 0

0101101
*
Ed
 1e-07 1 1 0
1  201 0 0 369.5
2  585 91 0 0 369.5
2  586 164 0 0 369.5
2  587 159 0 0 369.5
2  588 165 0 0 369.5
0

0101000
+1048 0 -1047 0 *
Ve
1e-07
562.5 8.5 0.885
0 0

0101101
*
Ed
 1e-07 1 1 0
1  202 0 0 554
2  589 93 0 0 554
2  590 164 0 0 554
2  591 159 0 0 554
2  592 166 0 0 554
0

0101000
+1048 0 -1045 0 *
Ve
1e-07
562.5 378 0.885
0 0

0101101
*
Ed
 1e-07 1 1 0
1  203 0 0 369.5
2  593 95 0 0 369.5
2  594 164 0 0 369.5
2  595 159 0 0 369.5
2  596 167 0 0 369.5
0

0101000
+1045 0 -1043 0 *
Ed
 1e-07 1 1 0
1  204 0 0 554
2  597 97 0 0 554
2  598 164 0 0 554
2  599 159 0 0 554
2  600 168 0 0 554
0

0101000
+1047 0 -1043 0 *
Wi

0101100
+1046 0 -1044 0 -1042 0 +1041 0 *
Fa
0  1e-07 159 0

0101000
+1049 0 +1040 0 *
Wi

0101100
-1058 0 -1317 0 +1053 0 +1050 0 *
Fa
0  1e-07 88 0

0101000
+1038 0 *
Ed
 1e-07 1 1 0
1  205 0 0 0.365
2  601 91 0 0 0.365
2  602 93 0 0 0.365
0

0101000
+1048 0 -1315 0 *
Ed
 1e-07 1 1 0
1  206 0 0 0.365
2  603 91 0 0 0.365
2  604 97 0 0 0.365
0

0101000
+1047 0 -1314 0 *
Wi

0101100
-1036 0 -1313 0 +1035 0 +1046 0 *
Fa
0  1e-07 91 0

0101000
+1034 0 *
Ed
 1e-07 1 1 0
1  207 0 0 0.365
2  605 95 0 0 0.365
2  606 93 0 0 0.365
0

0101000
+1045 0 -1312 0 *
Wi

0101100
-1044 0 -1032 0 +1311 0 +1036 0 *
Fa
0  1e-07 93 0

0101000
+1031 0 *
Ed
 1e-07 1 1 0
1  208 0 0 0.365
2  607 95 0 0 0.365
2  608 97 0 0 0.365
0

0101000
+1043 0 -1310 0 *
Wi

0101100
-1032 0 -1309 0 +1029 0 +1042 0 *
Fa
0  1e-07 95 0

0101000
+1028 0 *
Wi

0101100
-1041 0 -1029 0 +1308 0 +1035 0 *
Fa
0  1e-07 97 0

0101000
+1026 0 *
Sh

0101100
-1061 0 -1056 0 +1306 0 +1051 0 -1039 0 +1037 0 +1033 0 +1030 0 -1027 0 -1025 0 
*
So

0100000
+1024 0 *
Ve
1e-07
10 10 0.885
0 0

0101101
*
Ed
 1e-07 1 1 0
1  209 0 0 0.365
2  609 104 0 0 0.365
2  610 107 0 0 0.365
0

0101000
+1022 0 -1289 0 *
Ve
1e-07
10 192 0.885
0 0

0101101
*
Ed
 1e-07 1 1 0
1  210 0 0 0.365
2  611 104 0 0 0.365
2  612 108 0 0 0.365
0

0101000
+1020 0 -1284 0 *
Ed
 1e-07 1 1 0
1  211 0 0 182
2  613 104 0 0 182
2  614 169 0 0 182
2  615 164 0 0 182
2  616 170 0 0 182
0

0101000
+1022 0 -1020 0 *
Wi

0101100
-1021 0 -1282 0 +1019 0 +1018 0 *
Fa
0  1e-07 104 0

0101000
+1017 0 *
Ve
1e-07
192 10 0.885
0 0

0101101
*
Ed
 1e-07 1 1 0
1  212 0 0 0.365
2  617 106 0 0 0.365
2  618 107 0 0 0.365
0

0101000
+1015 0 -1279 0 *
Ve
1e-07
192 192 0.885
0 0

0101101
*
Ed
 1e-07 1 1 0
1  213 0 0 0.365
2  619 106 0 0 0.365
2  620 108 0 0 0.365
0

0101000
+1013 0 -1274 0 *
Ed
 1e-07 1 1 0
1  214 0 0 182
2  621 106 0 0 182
2  622 169 0 0 182
2  623 164 0 0 182
2  624 171 0 0 182
0

0101000
+1015 0 -1013 0 *
Wi

0101100
-1014 0 -1272 0 +1012 0 +1011 0 *
Fa
0  1e-07 106 0

0101000
+1010 0 *
Ed
 1e-07 1 1 0
1  215 0 0 182
2  625 107 0 0 182
2  626 169 0 0 182
2  627 164 0 0 182
2  628 172 0 0 182
0

0101000
+1022 0 -1015 0 *
Wi

0101100
-1008 0 -1014 0 +1269 0 +1021 0 *
Fa
0  1e-07 107 0

0101000
+1007 0 *
Ed
 1e-07 1 1 0
1  216 0 0 182
2  629 108 0 0 182
2  630 169 0 0 182
2  631 164 0 0 182
2  632 173 0 0 182
0

0101000
+1020 0 -1013 0 *
Wi

0101100
-1005 0 -1012 0 +1265 0 +1019 0 *
Fa
0  1e-07 108 0

0101000
+1004 0 *
Wi

0101100
-1018 0 -1005 0 +1011 0 +1008 0 *
Fa
0  1e-07 169 0

0101000
+1002 0 *
Sh

0101100
-1016 0 +1009 0 -1006 0 +1003 0 -1001 0 +1260 0 *
So

0100000
+1000 0 *
Ve
1e-07
10 194.5 0.885
0 0

0101101
*
Ed
 1e-07 1 1 0
1  217 0 0 0.365
2  633 114 0 0 0.365
2  634 117 0 0 0.365
0

0101000
+998 0 -1255 0 *
Ve
1e-07
10 376.5 0.885
0 0

0101101
*
Ed
 1e-07 1 1 0
1  218 0 0 0.365
2  635 114 0 0 0.365
2  636 118 0 0 0.365
0

0101000
+996 0 -1250 0 *
Ed
 1e-07 1 1 0
1  219 0 0 182
2  637 114 0 0 182
2  638 174 0 0 182
2  639 164 0 0 182
2  640 175 0 0 182
0

0101000
+998 0 -996 0 *
Wi

0101100
-997 0 -1248 0 +995 0 +994 0 *
Fa
0  1e-07 114 0

0101000
+993 0 *
Ve
1e-07
192 194.5 0.885
0 0

0101101
*
Ed
 1e-07 1 1 0
1  220 0 0 0.365
2  641 116 0 0 0.365
2  642 117 0 0 0.365
0

0101000
+991 0 -1245 0 *
Ve
1e-07
192 376.5 0.885
0 0

0101101
*
Ed
 1e-07 1 1 0
1  221 0 0 0.365
2  643 116 0 0 0.365
2  644 118 0 0 0.365
0

0101000
+989 0 -1240 0 *
Ed
 1e-07 1 1 0
1  222 0 0 182
2  645 116 0 0 182
2  646 174 0 0 182
2  647 164 0 0 182
2  648 176 0 0 182
0

0101000
+991 0 -989 0 *
Wi

0101100
-990 0 -1238 0 +988 0 +987 0 *
Fa
0  1e-07 116 0

0101000
+986 0 *
Ed
 1e-07 1 1 0
1  223 0 0 182
2  649 117 0 0 182
2  650 174 0 0 182
2  651 164 0 0 182
2  652 177 0 0 182
0

0101000
+998 0 -991 0 *
Wi

0101100
-984 0 -990 0 +1235 0 +997 0 *
Fa
0  1e-07 117 0

0101000
+983 0 *
Ed
 1e-07 1 1 0
1  224 0 0 182
2  653 118 0 0 182
2  654 174 0 0 182
2  655 164 0 0 182
2  656 178 0 0 182
0

0101000
+996 0 -989 0 *
Wi

0101100
-981 0 -988 0 +1231 0 +995 0 *
Fa
0  1e-07 118 0

0101000
+980 0 *
Wi

0101100
-994 0 -981 0 +987 0 +984 0 *
Fa
0  1e-07 174 0

0101000
+978 0 *
Sh

0101100
-992 0 +985 0 -982 0 +979 0 -977 0 +1226 0 *
So

0100000
+976 0 *
Ve
1e-07
194.5 10 0.885
0 0

0101101
*
Ed
 1e-07 1 1 0
1  225 0 0 0.365
2  657 124 0 0 0.365
2  658 127 0 0 0.365
0

0101000
+974 0 -1221 0 *
Ve
1e-07
194.5 192 0.885
0 0

0101101
*
Ed
 1e-07 1 1 0
1  226 0 0 0.365
2  659 124 0 0 0.365
2  660 128 0 0 0.365
0

0101000
+972 0 -1216 0 *
Ed
 1e-07 1 1 0
1  227 0 0 182
2  661 124 0 0 182
2  662 179 0 0 182
2  663 164 0 0 182
2  664 180 0 0 182
0

0101000
+974 0 -972 0 *
Wi

0101100
-973 0 -1214 0 +971 0 +970 0 *
Fa
0  1e-07 124 0

0101000
+969 0 *
Ve
1e-07
376.5 10 0.885
0 0

0101101
*
Ed
 1e-07 1 1 0
1  228 0 0 0.365
2  665 126 0 0 0.365
2  666 127 0 0 0.365
0

0101000
+967 0 -1211 0 *
Ve
1e-07
376.5 192 0.885
0 0

0101101
*
Ed
 1e-07 1 1 0
1  229 0 0 0.365
2  667 126 0 0 0.365
2  668 128 0 0 0.365
0

0101000
+965 0 -1206 0 *
Ed
 1e-07 1 1 0
1  230 0 0 182
2  669 126 0 0 182
2  670 179 0 0 182
2  671 164 0 0 182
2  672 181 0 0 182
0

0101000
+967 0 -965 0 *
Wi

0101100
-966 0 -1204 0 +964 0 +963 0 *
Fa
0  1e-07 126 0

0101000
+962 0 *
Ed
 1e-07 1 1 0
1  231 0 0 182
2  673 127 0 0 182
2  674 179 0 0 182
2  675 164 0 0 182
2  676 182 0 0 182
0

0101000
+974 0 -967 0 *
Wi

0101100
-960 0 -966 0 +1201 0 +973 0 *
Fa
0  1e-07 127 0

0101000
+959 0 *
Ed
 1e-07 1 1 0
1  232 0 0 182
2  677 128 0 0 182
2  678 179 0 0 182
2  679 164 0 0 182
2  680 183 0 0 182
0

0101000
+972 0 -965 0 *
Wi

0101100
-957 0 -964 0 +1197 0 +971 0 *
Fa
0  1e-07 128 0

0101000
+956 0 *
Wi

0101100
-970 0 -957 0 +963 0 +960 0 *
Fa
0  1e-07 179 0

0101000
+954 0 *
Sh

0101100
-968 0 +961 0 -958 0 +955 0 -953 0 +1192 0 *
So

0100000
+952 0 *
Ve
1e-07
194.5 194.5 0.885
0 0

0101101
*
Ed
 1e-07 1 1 0
1  233 0 0 0.365
2  681 134 0 0 0.365
2  682 137 0 0 0.365
0

0101000
+950 0 -1187 0 *
Ve
1e-07
194.5 376.5 0.885
0 0

0101101
*
Ed
 1e-07 1 1 0
1  234 0 0 0.365
2  683 134 0 0 0.365
2  684 138 0 0 0.365
0

0101000
+948 0 -1182 0 *
Ed
 1e-07 1 1 0
1  235 0 0 182
2  685 134 0 0 182
2  686 184 0 0 182
2  687 164 0 0 182
2  688 185 0 0 182
0

0101000
+950 0 -948 0 *
Wi

0101100
-949 0 -1180 0 +947 0 +946 0 *
Fa
0  1e-07 134 0

0101000
+945 0 *
Ve
1e-07
376.5 194.5 0.885
0 0

0101101
*
Ed
 1e-07 1 1 0
1  236 0 0 0.365
2  689 136 0 0 0.365
2  690 137 0 0 0.365
0

0101000
+943 0 -1177 0 *
Ve
1e-07
376.5 376.5 0.885
0 0

0101101
*
Ed
 1e-07 1 1 0
1  237 0 0 0.365
2  691 136 0 0 0.365
2  692 138 0 0 0.365
0

0101000
+941 0 -1172 0 *
Ed
 1e-07 1 1 0
1  238 0 0 182
2  693 136 0 0 182
2  694 184 0 0 182
2  695 164 0 0 182
2  696 186 0 0 182
0

0101000
+943 0 -941 0 *
Wi

0101100
-942 0 -1170 0 +940 0 +939 0 *
Fa
0  1e-07 136 0

0101000
+938 0 *
Ed
 1e-07 1 1 0
1  239 0 0 182
2  697 137 0 0 182
2  698 184 0 0 182
2  699 164 0 0 182
2  700 187 0 0 182
0

0101000
+950 0 -943 0 *
Wi

0101100
-936 0 -942 0 +1167 0 +949 0 *
Fa
0  1e-07 137 0

0101000
+935 0 *
Ed
 1e-07 1 1 0
1  240 0 0 182
2  701 138 0 0 182
2  702 184 0 0 182
2  703 164 0 0 182
2  704 188 0 0 182
0

0101000
+948 0 -941 0 *
Wi

0101100
-933 0 -940 0 +1163 0 +947 0 *
Fa
0  1e-07 138 0

0101000
+932 0 *
Wi

0101100
-946 0 -933 0 +939 0 +936 0 *
Fa
0  1e-07 184 0

0101000
+930 0 *
Sh

0101100
-944 0 +937 0 -934 0 +931 0 -929 0 +1158 0 *
So

0100000
+928 0 *
Ve
1e-07
379 10 0.885
0 0

0101101
*
Ed
 1e-07 1 1 0
1  241 0 0 0.365
2  705 144 0 0 0.365
2  706 147 0 0 0.365
0

0101000
+926 0 -1153 0 *
Ve
1e-07
379 192 0.885
0 0

0101101
*
Ed
 1e-07 1 1 0
1  242 0 0 0.365
2  707 144 0 0 0.365
2  708 148 0 0 0.365
0

0101000
+924 0 -1148 0 *
Ed
 1e-07 1 1 0
1  243 0 0 182
2  709 144 0 0 182
2  710 189 0 0 182
2  711 164 0 0 182
2  712 190 0 0 182
0

0101000
+926 0 -924 0 *
Wi

0101100
-925 0 -1146 0 +923 0 +922 0 *
Fa
0  1e-07 144 0

0101000
+921 0 *
Ve
1e-07
561 10 0.885
0 0

0101101
*
Ed
 1e-07 1 1 0
1  244 0 0 0.365
2  713 146 0 0 0.365
2  714 147 0 0 0.365
0

0101000
+919 0 -1143 0 *
Ve
1e-07
561 192 0.885
0 0

0101101
*
Ed
 1e-07 1 1 0
1  245 0 0 0.365
2  715 146 0 0 0.365
2  716 148 0 0 0.365
0

0101000
+917 0 -1138 0 *
Ed
 1e-07 1 1 0
1  246 0 0 182
2  717 146 0 0 182
2  718 189 0 0 182
2  719 164 0 0 182
2  720 191 0 0 182
0

0101000
+919 0 -917 0 *
Wi

0101100
-918 0 -1136 0 +916 0 +915 0 *
Fa
0  1e-07 146 0

0101000
+914 0 *
Ed
 1e-07 1 1 0
1  247 0 0 182
2  721 147 0 0 182
2  722 189 0 0 182
2  723 164 0 0 182
2  724 192 0 0 182
0

0101000
+926 0 -919 0 *
Wi

0101100
-912 0 -918 0 +1133 0 +925 0 *
Fa
0  1e-07 147 0

0101000
+911 0 *
Ed
 1e-07 1 1 0
1  248 0 0 182
2  725 148 0 0 182
2  726 189 0 0 182
2  727 164 0 0 182
2  728 193 0 0 182
0

0101000
+924 0 -917 0 *
Wi

0101100
-909 0 -916 0 +1129 0 +923 0 *
Fa
0  1e-07 148 0

0101000
+908 0 *
Wi

0101100
-922 0 -909 0 +915 0 +912 0 *
Fa
0  1e-07 189 0

0101000
+906 0 *
Sh

0101100
-920 0 +913 0 -910 0 +907 0 -905 0 +1124 0 *
So

0100000
+904 0 *
Ve
1e-07
379 194.5 0.885
0 0

0101101
*
Ed
 1e-07 1 1 0
1  249 0 0 0.365
2  729 154 0 0 0.365
2  730 157 0 0 0.365
0

0101000
+902 0 -1119 0 *
Ve
1e-07
379 376.5 0.885
0 0

0101101
*
Ed
 1e-07 1 1 0
1  250 0 0 0.365
2  731 154 0 0 0.365
2  732 158 0 0 0.365
0

0101000
+900 0 -1114 0 *
Ed
 1e-07 1 1 0
1  251 0 0 182
2  733 154 0 0 182
2  734 194 0 0 182
2  735 164 0 0 182
2  736 195 0 0 182
0

0101000
+902 0 -900 0 *
Wi

0101100
-901 0 -1112 0 +899 0 +898 0 *
Fa
0  1e-07 154 0

0101000
+897 0 *
Ve
1e-07
561 194.5 0.885
0 0

0101101
*
Ed
 1e-07 1 1 0
1  252 0 0 0.365
2  737 156 0 0 0.365
2  738 157 0 0 0.365
0

0101000
+895 0 -1109 0 *
Ve
1e-07
561 376.5 0.885
0 0

0101101
*
Ed
 1e-07 1 1 0
1  253 0 0 0.365
2  739 156 0 0 0.365
2  740 158 0 0 0.365
0

0101000
+893 0 -1104 0 *
Ed
 1e-07 1 1 0
1  254 0 0 182
2  741 156 0 0 182
2  742 194 0 0 182
2  743 164 0 0 182
2  744 196 0 0 182
0

0101000
+895 0 -893 0 *
Wi

0101100
-894 0 -1102 0 +892 0 +891 0 *
Fa
0  1e-07 156 0

0101000
+890 0 *
Ed
 1e-07 1 1 0
1  255 0 0 182
2  745 157 0 0 182
2  746 194 0 0 182
2  747 164 0 0 182
2  748 197 0 0 182
0

0101000
+902 0 -895 0 *
Wi

0101100
-888 0 -894 0 +1099 0 +901 0 *
Fa
0  1e-07 157 0

0101000
+887 0 *
Ed
 1e-07 1 1 0
1  256 0 0 182
2  749 158 0 0 182
2  750 194 0 0 182
2  751 164 0 0 182
2  752 198 0 0 182
0

0101000
+900 0 -893 0 *
Wi

0101100
-885 0 -892 0 +1095 0 +899 0 *
Fa
0  1e-07 158 0

0101000
+884 0 *
Wi

0101100
-898 0 -885 0 +891 0 +888 0 *
Fa
0  1e-07 194 0

0101000
+882 0 *
Sh

0101100
-896 0 +889 0 -886 0 +883 0 -881 0 +1090 0 *
So

0100000
+880 0 *
Wi

0101100
-1046 0 -1041 0 +1044 0 +1042 0 *
Wi

0101100
+1018 0 -1008 0 -1011 0 +1005 0 *
Wi

0101100
+970 0 -960 0 -963 0 +957 0 *
Wi

0101100
+922 0 -912 0 -915 0 +909 0 *
Wi

0101100
+994 0 -984 0 -987 0 +981 0 *
Wi

0101100
+946 0 -936 0 -939 0 +933 0 *
Wi

0101100
+898 0 -888 0 -891 0 +885 0 *
Fa
0  1e-07 164 0

0101000
+878 0 +877 0 +876 0 +875 0 +874 0 +873 0 +872 0 *
Sh

0101100
-1033 0 -1030 0 +1070 0 +1025 0 -871 0 +1027 0 +1016 0 +1006 0 -1009 0 -1003 0 
+968 0 +958 0 -961 0 -955 0 +920 0 +910 0 -913 0 -907 0 +992 0 +982 0 
-985 0 -979 0 +944 0 +934 0 -937 0 -931 0 +896 0 +886 0 -889 0 -883 0 
*
So

0100000
+870 0 *
Ve
1e-07
0 0 0.35
0 0

0101101
*
Ve
1e-07
0 0 0.715
0 0

0101101
*
Ed
 1e-07 1 1 0
1  257 0 0 0.365
2  753 199 0 0 0.365
2  754 200 0 0 0.365
2  755 71 0 0 0.365
2  756 72 0 0 0.365
0

0101000
+868 0 -867 0 *
Ve
1e-07
0 386.5 0.715
0 0

0101101
*
Ed
 1e-07 1 1 0
1  258 0 0 386.5
2  757 160 0 0 386.5
2  758 201 0 0 386.5
2  759 199 0 0 386.5
2  760 71 0 0 386.5
0

0101000
+867 0 -865 0 *
Ve
1e-07
0 386.5 0.35
0 0

0101101
*
Ed
 1e-07 1 1 0
1  259 0 0 0.365
2  761 199 0 0 0.365
2  762 202 0 0 0.365
2  763 71 0 0 0.365
2  764 74 0 0 0.365
0

0101000
+863 0 -865 0 *
Ed
 1e-07 1 1 0
1  260 0 0 386.5
2  765 199 0 0 386.5
2  766 203 0 0 386.5
2  767 204 0 0 386.5
2  768 71 0 0 386.5
0

0101000
+868 0 -863 0 *
Wi

0101100
-866 0 -864 0 +862 0 +861 0 *
Fa
0  1e-07 199 0

0101000
+860 0 *
Ve
1e-07
571 0 0.35
0 0

0101101
*
Ed
 1e-07 1 1 0
1  261 0 0 571
2  769 200 0 0 571
2  770 203 0 0 571
2  771 205 0 0 571
2  772 72 0 0 571
0

0101000
+868 0 -858 0 *
Ve
1e-07
571 0 0.715
0 0

0101101
*
Ed
 1e-07 1 1 0
1  262 0 0 0.365
2  773 206 0 0 0.365
2  774 200 0 0 0.365
2  775 72 0 0 0.365
2  776 80 0 0 0.365
0

0101000
+858 0 -856 0 *
Ed
 1e-07 1 1 0
1  263 0 0 571
2  777 161 0 0 571
2  778 201 0 0 571
2  779 200 0 0 571
2  780 72 0 0 571
0

0101000
+867 0 -856 0 *
Wi

0101100
-857 0 -855 0 +854 0 +866 0 *
Fa
0  1e-07 200 0

0101000
+853 0 *
Ve
1e-07
571 386.5 0.715
0 0

0101101
*
Ed
 1e-07 1 1 0
1  264 0 0 571
2  781 162 0 0 571
2  782 201 0 0 571
2  783 202 0 0 571
2  784 74 0 0 571
0

0101000
+865 0 -851 0 *
Ed
 1e-07 1 1 0
1  265 0 0 386.5
2  785 163 0 0 386.5
2  786 201 0 0 386.5
2  787 206 0 0 386.5
2  788 80 0 0 386.5
0

0101000
+856 0 -851 0 *
Wi

0101100
-864 0 -850 0 +854 0 +849 0 *
Ve
1e-07
8.5 8.5 0.715
0 0

0101101
*
Ve
1e-07
8.5 378 0.715
0 0

0101101
*
Ed
 1e-07 1 1 0
1  266 0 0 369.5
2  789 165 0 0 369.5
2  790 207 0 0 369.5
2  791 201 0 0 369.5
2  792 208 0 0 369.5
0

0101000
+847 0 -846 0 *
Ve
1e-07
562.5 8.5 0.715
0 0

0101101
*
Ed
 1e-07 1 1 0
1  267 0 0 554
2  793 166 0 0 554
2  794 207 0 0 554
2  795 201 0 0 554
2  796 209 0 0 554
0

0101000
+847 0 -844 0 *
Ve
1e-07
562.5 378 0.715
0 0

0101101
*
Ed
 1e-07 1 1 0
1  268 0 0 369.5
2  797 167 0 0 369.5
2  798 207 0 0 369.5
2  799 201 0 0 369.5
2  800 210 0 0 369.5
0

0101000
+844 0 -842 0 *
Ed
 1e-07 1 1 0
1  269 0 0 554
2  801 168 0 0 554
2  802 207 0 0 554
2  803 201 0 0 554
2  804 211 0 0 554
0

0101000
+846 0 -842 0 *
Wi

0101100
+845 0 -843 0 -841 0 +840 0 *
Fa
0  1e-07 201 0

0101000
+848 0 +839 0 *
Ve
1e-07
571 386.5 0.35
0 0

0101101
*
Ed
 1e-07 1 1 0
1  270 0 0 571
2  805 202 0 0 571
2  806 203 0 0 571
2  807 212 0 0 571
2  808 74 0 0 571
0

0101000
+863 0 -837 0 *
Ed
 1e-07 1 1 0
1  271 0 0 0.365
2  809 206 0 0 0.365
2  810 202 0 0 0.365
2  811 74 0 0 0.365
2  812 80 0 0 0.365
0

0101000
+837 0 -851 0 *
Wi

0101100
-836 0 -835 0 +850 0 +862 0 *
Fa
0  1e-07 202 0

0101000
+834 0 *
Ed
 1e-07 1 1 0
1  272 0 0 386.5
2  813 206 0 0 386.5
2  814 203 0 0 386.5
2  815 213 0 0 386.5
2  816 80 0 0 386.5
0

0101000
+858 0 -837 0 *
Wi

0101100
-861 0 -836 0 +857 0 +832 0 *
Ve
1e-07
8.5 8.5 0.35
0 0

0101101
*
Ve
1e-07
8.5 378 0.35
0 0

0101101
*
Ed
 1e-07 1 1 0
1  273 0 0 369.5
2  817 208 0 0 369.5
2  818 214 0 0 369.5
2  819 203 0 0 369.5
2  820 215 0 0 369.5
0

0101000
+830 0 -829 0 *
Ve
1e-07
562.5 8.5 0.35
0 0

0101101
*
Ed
 1e-07 1 1 0
1  274 0 0 554
2  821 209 0 0 554
2  822 214 0 0 554
2  823 203 0 0 554
2  824 216 0 0 554
0

0101000
+830 0 -827 0 *
Ve
1e-07
562.5 378 0.35
0 0

0101101
*
Ed
 1e-07 1 1 0
1  275 0 0 369.5
2  825 210 0 0 369.5
2  826 214 0 0 369.5
2  827 203 0 0 369.5
2  828 217 0 0 369.5
0

0101000
+827 0 -825 0 *
Ed
 1e-07 1 1 0
1  276 0 0 554
2  829 211 0 0 554
2  830 214 0 0 554
2  831 203 0 0 554
2  832 218 0 0 554
0

0101000
+829 0 -825 0 *
Wi

0101100
+828 0 -826 0 -824 0 +823 0 *
Fa
0  1e-07 203 0

0101000
+831 0 +822 0 *
Wi

0101100
-855 0 -849 0 +835 0 +832 0 *
Fa
0  1e-07 206 0

0101000
+820 0 *
Ed
 1e-07 1 1 0
1  277 0 0 0.365
2  833 208 0 0 0.365
2  834 209 0 0 0.365
0

0101000
+830 0 -847 0 *
Ed
 1e-07 1 1 0
1  278 0 0 0.365
2  835 208 0 0 0.365
2  836 211 0 0 0.365
0

0101000
+829 0 -846 0 *
Wi

0101100
-818 0 -845 0 +817 0 +828 0 *
Fa
0  1e-07 208 0

0101000
+816 0 *
Ed
 1e-07 1 1 0
1  279 0 0 0.365
2  837 210 0 0 0.365
2  838 209 0 0 0.365
0

0101000
+827 0 -844 0 *
Wi

0101100
-826 0 -814 0 +843 0 +818 0 *
Fa
0  1e-07 209 0

0101000
+813 0 *
Ed
 1e-07 1 1 0
1  280 0 0 0.365
2  839 210 0 0 0.365
2  840 211 0 0 0.365
0

0101000
+825 0 -842 0 *
Wi

0101100
-814 0 -841 0 +811 0 +824 0 *
Fa
0  1e-07 210 0

0101000
+810 0 *
Wi

0101100
-823 0 -811 0 +840 0 +817 0 *
Fa
0  1e-07 211 0

0101000
+808 0 *
Sh

0101100
-859 0 -852 0 +838 0 +833 0 -821 0 +819 0 +815 0 +812 0 -809 0 -807 0 
*
So

0100000
+806 0 *
Ve
1e-07
10 10 0.35
0 0

0101101
*
Ve
1e-07
10 10 0.715
0 0

0101101
*
Ed
 1e-07 1 1 0
1  281 0 0 0.365
2  841 219 0 0 0.365
2  842 220 0 0 0.365
0

0101000
+804 0 -803 0 *
Ve
1e-07
10 192 0.715
0 0

0101101
*
Ed
 1e-07 1 1 0
1  282 0 0 182
2  843 170 0 0 182
2  844 221 0 0 182
2  845 207 0 0 182
2  846 219 0 0 182
0

0101000
+803 0 -801 0 *
Ve
1e-07
10 192 0.35
0 0

0101101
*
Ed
 1e-07 1 1 0
1  283 0 0 0.365
2  847 219 0 0 0.365
2  848 222 0 0 0.365
0

0101000
+799 0 -801 0 *
Ed
 1e-07 1 1 0
1  284 0 0 182
2  849 219 0 0 182
2  850 223 0 0 182
2  851 214 0 0 182
2  852 224 0 0 182
0

0101000
+804 0 -799 0 *
Wi

0101100
-802 0 -800 0 +798 0 +797 0 *
Fa
0  1e-07 219 0

0101000
+796 0 *
Ve
1e-07
192 10 0.35
0 0

0101101
*
Ve
1e-07
192 10 0.715
0 0

0101101
*
Ed
 1e-07 1 1 0
1  285 0 0 0.365
2  853 225 0 0 0.365
2  854 220 0 0 0.365
0

0101000
+794 0 -793 0 *
Ve
1e-07
192 192 0.715
0 0

0101101
*
Ed
 1e-07 1 1 0
1  286 0 0 182
2  855 171 0 0 182
2  856 221 0 0 182
2  857 207 0 0 182
2  858 225 0 0 182
0

0101000
+793 0 -791 0 *
Ve
1e-07
192 192 0.35
0 0

0101101
*
Ed
 1e-07 1 1 0
1  287 0 0 0.365
2  859 225 0 0 0.365
2  860 222 0 0 0.365
0

0101000
+789 0 -791 0 *
Ed
 1e-07 1 1 0
1  288 0 0 182
2  861 225 0 0 182
2  862 223 0 0 182
2  863 214 0 0 182
2  864 226 0 0 182
0

0101000
+794 0 -789 0 *
Wi

0101100
-792 0 -790 0 +788 0 +787 0 *
Fa
0  1e-07 225 0

0101000
+786 0 *
Ed
 1e-07 1 1 0
1  289 0 0 182
2  865 220 0 0 182
2  866 223 0 0 182
2  867 214 0 0 182
2  868 227 0 0 182
0

0101000
+804 0 -794 0 *
Ed
 1e-07 1 1 0
1  290 0 0 182
2  869 172 0 0 182
2  870 221 0 0 182
2  871 207 0 0 182
2  872 220 0 0 182
0

0101000
+803 0 -793 0 *
Wi

0101100
-784 0 -792 0 +783 0 +802 0 *
Fa
0  1e-07 220 0

0101000
+782 0 *
Ed
 1e-07 1 1 0
1  291 0 0 182
2  873 222 0 0 182
2  874 223 0 0 182
2  875 214 0 0 182
2  876 228 0 0 182
0

0101000
+799 0 -789 0 *
Ed
 1e-07 1 1 0
1  292 0 0 182
2  877 173 0 0 182
2  878 221 0 0 182
2  879 207 0 0 182
2  880 222 0 0 182
0

0101000
+801 0 -791 0 *
Wi

0101100
-780 0 -788 0 +779 0 +798 0 *
Fa
0  1e-07 222 0

0101000
+778 0 *
Wi

0101100
-797 0 -780 0 +787 0 +784 0 *
Fa
0  1e-07 223 0

0101000
+776 0 *
Wi

0101100
-800 0 -779 0 +790 0 +783 0 *
Fa
0  1e-07 221 0

0101000
+774 0 *
Sh

0101100
-795 0 +785 0 -781 0 +777 0 -775 0 +773 0 *
So

0100000
+772 0 *
Ve
1e-07
10 194.5 0.35
0 0

0101101
*
Ve
1e-07
10 194.5 0.715
0 0

0101101
*
Ed
 1e-07 1 1 0
1  293 0 0 0.365
2  881 229 0 0 0.365
2  882 230 0 0 0.365
0

0101000
+770 0 -769 0 *
Ve
1e-07
10 376.5 0.715
0 0

0101101
*
Ed
 1e-07 1 1 0
1  294 0 0 182
2  883 175 0 0 182
2  884 231 0 0 182
2  885 207 0 0 182
2  886 229 0 0 182
0

0101000
+769 0 -767 0 *
Ve
1e-07
10 376.5 0.35
0 0

0101101
*
Ed
 1e-07 1 1 0
1  295 0 0 0.365
2  887 229 0 0 0.365
2  888 232 0 0 0.365
0

0101000
+765 0 -767 0 *
Ed
 1e-07 1 1 0
1  296 0 0 182
2  889 229 0 0 182
2  890 233 0 0 182
2  891 214 0 0 182
2  892 234 0 0 182
0

0101000
+770 0 -765 0 *
Wi

0101100
-768 0 -766 0 +764 0 +763 0 *
Fa
0  1e-07 229 0

0101000
+762 0 *
Ve
1e-07
192 194.5 0.35
0 0

0101101
*
Ve
1e-07
192 194.5 0.715
0 0

0101101
*
Ed
 1e-07 1 1 0
1  297 0 0 0.365
2  893 235 0 0 0.365
2  894 230 0 0 0.365
0

0101000
+760 0 -759 0 *
Ve
1e-07
192 376.5 0.715
0 0

0101101
*
Ed
 1e-07 1 1 0
1  298 0 0 182
2  895 176 0 0 182
2  896 231 0 0 182
2  897 207 0 0 182
2  898 235 0 0 182
0

0101000
+759 0 -757 0 *
Ve
1e-07
192 376.5 0.35
0 0

0101101
*
Ed
 1e-07 1 1 0
1  299 0 0 0.365
2  899 235 0 0 0.365
2  900 232 0 0 0.365
0

0101000
+755 0 -757 0 *
Ed
 1e-07 1 1 0
1  300 0 0 182
2  901 235 0 0 182
2  902 233 0 0 182
2  903 214 0 0 182
2  904 236 0 0 182
0

0101000
+760 0 -755 0 *
Wi

0101100
-758 0 -756 0 +754 0 +753 0 *
Fa
0  1e-07 235 0

0101000
+752 0 *
Ed
 1e-07 1 1 0
1  301 0 0 182
2  905 230 0 0 182
2  906 233 0 0 182
2  907 214 0 0 182
2  908 237 0 0 182
0

0101000
+770 0 -760 0 *
Ed
 1e-07 1 1 0
1  302 0 0 182
2  909 177 0 0 182
2  910 231 0 0 182
2  911 207 0 0 182
2  912 230 0 0 182
0

0101000
+769 0 -759 0 *
Wi

0101100
-750 0 -758 0 +749 0 +768 0 *
Fa
0  1e-07 230 0

0101000
+748 0 *
Ed
 1e-07 1 1 0
1  303 0 0 182
2  913 232 0 0 182
2  914 233 0 0 182
2  915 214 0 0 182
2  916 238 0 0 182
0

0101000
+765 0 -755 0 *
Ed
 1e-07 1 1 0
1  304 0 0 182
2  917 178 0 0 182
2  918 231 0 0 182
2  919 207 0 0 182
2  920 232 0 0 182
0

0101000
+767 0 -757 0 *
Wi

0101100
-746 0 -754 0 +745 0 +764 0 *
Fa
0  1e-07 232 0

0101000
+744 0 *
Wi

0101100
-763 0 -746 0 +753 0 +750 0 *
Fa
0  1e-07 233 0

0101000
+742 0 *
Wi

0101100
-766 0 -745 0 +756 0 +749 0 *
Fa
0  1e-07 231 0

0101000
+740 0 *
Sh

0101100
-761 0 +751 0 -747 0 +743 0 -741 0 +739 0 *
So

0100000
+738 0 *
Ve
1e-07
194.5 10 0.35
0 0

0101101
*
Ve
1e-07
194.5 10 0.715
0 0

0101101
*
Ed
 1e-07 1 1 0
1  305 0 0 0.365
2  921 239 0 0 0.365
2  922 240 0 0 0.365
0

0101000
+736 0 -735 0 *
Ve
1e-07
194.5 192 0.715
0 0

0101101
*
Ed
 1e-07 1 1 0
1  306 0 0 182
2  923 180 0 0 182
2  924 241 0 0 182
2  925 207 0 0 182
2  926 239 0 0 182
0

0101000
+735 0 -733 0 *
Ve
1e-07
194.5 192 0.35
0 0

0101101
*
Ed
 1e-07 1 1 0
1  307 0 0 0.365
2  927 239 0 0 0.365
2  928 242 0 0 0.365
0

0101000
+731 0 -733 0 *
Ed
 1e-07 1 1 0
1  308 0 0 182
2  929 239 0 0 182
2  930 243 0 0 182
2  931 214 0 0 182
2  932 244 0 0 182
0

0101000
+736 0 -731 0 *
Wi

0101100
-734 0 -732 0 +730 0 +729 0 *
Fa
0  1e-07 239 0

0101000
+728 0 *
Ve
1e-07
376.5 10 0.35
0 0

0101101
*
Ve
1e-07
376.5 10 0.715
0 0

0101101
*
Ed
 1e-07 1 1 0
1  309 0 0 0.365
2  933 245 0 0 0.365
2  934 240 0 0 0.365
0

0101000
+726 0 -725 0 *
Ve
1e-07
376.5 192 0.715
0 0

0101101
*
Ed
 1e-07 1 1 0
1  310 0 0 182
2  935 181 0 0 182
2  936 241 0 0 182
2  937 207 0 0 182
2  938 245 0 0 182
0

0101000
+725 0 -723 0 *
Ve
1e-07
376.5 192 0.35
0 0

0101101
*
Ed
 1e-07 1 1 0
1  311 0 0 0.365
2  939 245 0 0 0.365
2  940 242 0 0 0.365
0

0101000
+721 0 -723 0 *
Ed
 1e-07 1 1 0
1  312 0 0 182
2  941 245 0 0 182
2  942 243 0 0 182
2  943 214 0 0 182
2  944 246 0 0 182
0

0101000
+726 0 -721 0 *
Wi

0101100
-724 0 -722 0 +720 0 +719 0 *
Fa
0  1e-07 245 0

0101000
+718 0 *
Ed
 1e-07 1 1 0
1  313 0 0 182
2  945 240 0 0 182
2  946 243 0 0 182
2  947 214 0 0 182
2  948 247 0 0 182
0

0101000
+736 0 -726 0 *
Ed
 1e-07 1 1 0
1  314 0 0 182
2  949 182 0 0 182
2  950 241 0 0 182
2  951 207 0 0 182
2  952 240 0 0 182
0

0101000
+735 0 -725 0 *
Wi

0101100
-716 0 -724 0 +715 0 +734 0 *
Fa
0  1e-07 240 0

0101000
+714 0 *
Ed
 1e-07 1 1 0
1  315 0 0 182
2  953 242 0 0 182
2  954 243 0 0 182
2  955 214 0 0 182
2  956 248 0 0 182
0

0101000
+731 0 -721 0 *
Ed
 1e-07 1 1 0
1  316 0 0 182
2  957 183 0 0 182
2  958 241 0 0 182
2  959 207 0 0 182
2  960 242 0 0 182
0

0101000
+733 0 -723 0 *
Wi

0101100
-712 0 -720 0 +711 0 +730 0 *
Fa
0  1e-07 242 0

0101000
+710 0 *
Wi

0101100
-729 0 -712 0 +719 0 +716 0 *
Fa
0  1e-07 243 0

0101000
+708 0 *
Wi

0101100
-732 0 -711 0 +722 0 +715 0 *
Fa
0  1e-07 241 0

0101000
+706 0 *
Sh

0101100
-727 0 +717 0 -713 0 +709 0 -707 0 +705 0 *
So

0100000
+704 0 *
Ve
1e-07
194.5 194.5 0.35
0 0

0101101
*
Ve
1e-07
194.5 194.5 0.715
0 0

0101101
*
Ed
 1e-07 1 1 0
1  317 0 0 0.365
2  961 249 0 0 0.365
2  962 250 0 0 0.365
0

0101000
+702 0 -701 0 *
Ve
1e-07
194.5 376.5 0.715
0 0

0101101
*
Ed
 1e-07 1 1 0
1  318 0 0 182
2  963 185 0 0 182
2  964 251 0 0 182
2  965 207 0 0 182
2  966 249 0 0 182
0

0101000
+701 0 -699 0 *
Ve
1e-07
194.5 376.5 0.35
0 0

0101101
*
Ed
 1e-07 1 1 0
1  319 0 0 0.365
2  967 249 0 0 0.365
2  968 252 0 0 0.365
0

0101000
+697 0 -699 0 *
Ed
 1e-07 1 1 0
1  320 0 0 182
2  969 249 0 0 182
2  970 253 0 0 182
2  971 214 0 0 182
2  972 254 0 0 182
0

0101000
+702 0 -697 0 *
Wi

0101100
-700 0 -698 0 +696 0 +695 0 *
Fa
0  1e-07 249 0

0101000
+694 0 *
Ve
1e-07
376.5 194.5 0.35
0 0

0101101
*
Ve
1e-07
376.5 194.5 0.715
0 0

0101101
*
Ed
 1e-07 1 1 0
1  321 0 0 0.365
2  973 255 0 0 0.365
2  974 250 0 0 0.365
0

0101000
+692 0 -691 0 *
Ve
1e-07
376.5 376.5 0.715
0 0

0101101
*
Ed
 1e-07 1 1 0
1  322 0 0 182
2  975 186 0 0 182
2  976 251 0 0 182
2  977 207 0 0 182
2  978 255 0 0 182
0

0101000
+691 0 -689 0 *
Ve
1e-07
376.5 376.5 0.35
0 0

0101101
*
Ed
 1e-07 1 1 0
1  323 0 0 0.365
2  979 255 0 0 0.365
2  980 252 0 0 0.365
0

0101000
+687 0 -689 0 *
Ed
 1e-07 1 1 0
1  324 0 0 182
2  981 255 0 0 182
2  982 253 0 0 182
2  983 214 0 0 182
2  984 256 0 0 182
0

0101000
+692 0 -687 0 *
Wi

0101100
-690 0 -688 0 +686 0 +685 0 *
Fa
0  1e-07 255 0

0101000
+684 0 *
Ed
 1e-07 1 1 0
1  325 0 0 182
2  985 250 0 0 182
2  986 253 0 0 182
2  987 214 0 0 182
2  988 257 0 0 182
0

0101000
+702 0 -692 0 *
Ed
 1e-07 1 1 0
1  326 0 0 182
2  989 187 0 0 182
2  990 251 0 0 182
2  991 207 0 0 182
2  992 250 0 0 182
0

0101000
+701 0 -691 0 *
Wi

0101100
-682 0 -690 0 +681 0 +700 0 *
Fa
0  1e-07 250 0

0101000
+680 0 *
Ed
 1e-07 1 1 0
1  327 0 0 182
2  993 252 0 0 182
2  994 253 0 0 182
2  995 214 0 0 182
2  996 258 0 0 182
0

0101000
+697 0 -687 0 *
Ed
 1e-07 1 1 0
1  328 0 0 182
2  997 188 0 0 182
2  998 251 0 0 182
2  999 207 0 0 182
2  1000 252 0 0 182
0

0101000
+699 0 -689 0 *
Wi

0101100
-678 0 -686 0 +677 0 +696 0 *
Fa
0  1e-07 252 0

0101000
+676 0 *
Wi

0101100
-695 0 -678 0 +685 0 +682 0 *
Fa
0  1e-07 253 0

0101000
+674 0 *
Wi

0101100
-698 0 -677 0 +688 0 +681 0 *
Fa
0  1e-07 251 0

0101000
+672 0 *
Sh

0101100
-693 0 +683 0 -679 0 +675 0 -673 0 +671 0 *
So

0100000
+670 0 *
Ve
1e-07
379 10 0.35
0 0

0101101
*
Ve
1e-07
379 10 0.715
0 0

0101101
*
Ed
 1e-07 1 1 0
1  329 0 0 0.365
2  1001 259 0 0 0.365
2  1002 260 0 0 0.365
0

0101000
+668 0 -667 0 *
Ve
1e-07
379 192 0.715
0 0

0101101
*
Ed
 1e-07 1 1 0
1  330 0 0 182
2  1003 190 0 0 182
2  1004 261 0 0 182
2  1005 207 0 0 182
2  1006 259 0 0 182
0

0101000
+667 0 -665 0 *
Ve
1e-07
379 192 0.35
0 0

0101101
*
Ed
 1e-07 1 1 0
1  331 0 0 0.365
2  1007 259 0 0 0.365
2  1008 262 0 0 0.365
0

0101000
+663 0 -665 0 *
Ed
 1e-07 1 1 0
1  332 0 0 182
2  1009 259 0 0 182
2  1010 263 0 0 182
2  1011 214 0 0 182
2  1012 264 0 0 182
0

0101000
+668 0 -663 0 *
Wi

0101100
-666 0 -664 0 +662 0 +661 0 *
Fa
0  1e-07 259 0

0101000
+660 0 *
Ve
1e-07
561 10 0.35
0 0

0101101
*
Ve
1e-07
561 10 0.715
0 0

0101101
*
Ed
 1e-07 1 1 0
1  333 0 0 0.365
2  1013 265 0 0 0.365
2  1014 260 0 0 0.365
0

0101000
+658 0 -657 0 *
Ve
1e-07
561 192 0.715
0 0

0101101
*
Ed
 1e-07 1 1 0
1  334 0 0 182
2  1015 191 0 0 182
2  1016 261 0 0 182
2  1017 207 0 0 182
2  1018 265 0 0 182
0

0101000
+657 0 -655 0 *
Ve
1e-07
561 192 0.35
0 0

0101101
*
Ed
 1e-07 1 1 0
1  335 0 0 0.365
2  1019 265 0 0 0.365
2  1020 262 0 0 0.365
0

0101000
+653 0 -655 0 *
Ed
 1e-07 1 1 0
1  336 0 0 182
2  1021 265 0 0 182
2  1022 263 0 0 182
2  1023 214 0 0 182
2  1024 266 0 0 182
0

0101000
+658 0 -653 0 *
Wi

0101100
-656 0 -654 0 +652 0 +651 0 *
Fa
0  1e-07 265 0

0101000
+650 0 *
Ed
 1e-07 1 1 0
1  337 0 0 182
2  1025 260 0 0 182
2  1026 263 0 0 182
2  1027 214 0 0 182
2  1028 267 0 0 182
0

0101000
+668 0 -658 0 *
Ed
 1e-07 1 1 0
1  338 0 0 182
2  1029 192 0 0 182
2  1030 261 0 0 182
2  1031 207 0 0 182
2  1032 260 0 0 182
0

0101000
+667 0 -657 0 *
Wi

0101100
-648 0 -656 0 +647 0 +666 0 *
Fa
0  1e-07 260 0

0101000
+646 0 *
Ed
 1e-07 1 1 0
1  339 0 0 182
2  1033 262 0 0 182
2  1034 263 0 0 182
2  1035 214 0 0 182
2  1036 268 0 0 182
0

0101000
+663 0 -653 0 *
Ed
 1e-07 1 1 0
1  340 0 0 182
2  1037 193 0 0 182
2  1038 261 0 0 182
2  1039 207 0 0 182
2  1040 262 0 0 182
0

0101000
+665 0 -655 0 *
Wi

0101100
-644 0 -652 0 +643 0 +662 0 *
Fa
0  1e-07 262 0

0101000
+642 0 *
Wi

0101100
-661 0 -644 0 +651 0 +648 0 *
Fa
0  1e-07 263 0

0101000
+640 0 *
Wi

0101100
-664 0 -643 0 +654 0 +647 0 *
Fa
0  1e-07 261 0

0101000
+638 0 *
Sh

0101100
-659 0 +649 0 -645 0 +641 0 -639 0 +637 0 *
So

0100000
+636 0 *
Ve
1e-07
379 194.5 0.35
0 0

0101101
*
Ve
1e-07
379 194.5 0.715
0 0

0101101
*
Ed
 1e-07 1 1 0
1  341 0 0 0.365
2  1041 269 0 0 0.365
2  1042 270 0 0 0.365
0

0101000
+634 0 -633 0 *
Ve
1e-07
379 376.5 0.715
0 0

0101101
*
Ed
 1e-07 1 1 0
1  342 0 0 182
2  1043 195 0 0 182
2  1044 271 0 0 182
2  1045 207 0 0 182
2  1046 269 0 0 182
0

0101000
+633 0 -631 0 *
Ve
1e-07
379 376.5 0.35
0 0

0101101
*
Ed
 1e-07 1 1 0
1  343 0 0 0.365
2  1047 269 0 0 0.365
2  1048 272 0 0 0.365
0

0101000
+629 0 -631 0 *
Ed
 1e-07 1 1 0
1  344 0 0 182
2  1049 269 0 0 182
2  1050 273 0 0 182
2  1051 214 0 0 182
2  1052 274 0 0 182
0

0101000
+634 0 -629 0 *
Wi

0101100
-632 0 -630 0 +628 0 +627 0 *
Fa
0  1e-07 269 0

0101000
+626 0 *
Ve
1e-07
561 194.5 0.35
0 0

0101101
*
Ve
1e-07
561 194.5 0.715
0 0

0101101
*
Ed
 1e-07 1 1 0
1  345 0 0 0.365
2  1053 275 0 0 0.365
2  1054 270 0 0 0.365
0

0101000
+624 0 -623 0 *
Ve
1e-07
561 376.5 0.715
0 0

0101101
*
Ed
 1e-07 1 1 0
1  346 0 0 182
2  1055 196 0 0 182
2  1056 271 0 0 182
2  1057 207 0 0 182
2  1058 275 0 0 182
0

0101000
+623 0 -621 0 *
Ve
1e-07
561 376.5 0.35
0 0

0101101
*
Ed
 1e-07 1 1 0
1  347 0 0 0.365
2  1059 275 0 0 0.365
2  1060 272 0 0 0.365
0

0101000
+619 0 -621 0 *
Ed
 1e-07 1 1 0
1  348 0 0 182
2  1061 275 0 0 182
2  1062 273 0 0 182
2  1063 214 0 0 182
2  1064 276 0 0 182
0

0101000
+624 0 -619 0 *
Wi

0101100
-622 0 -620 0 +618 0 +617 0 *
Fa
0  1e-07 275 0

0101000
+616 0 *
Ed
 1e-07 1 1 0
1  349 0 0 182
2  1065 270 0 0 182
2  1066 273 0 0 182
2  1067 214 0 0 182
2  1068 277 0 0 182
0

0101000
+634 0 -624 0 *
Ed
 1e-07 1 1 0
1  350 0 0 182
2  1069 197 0 0 182
2  1070 271 0 0 182
2  1071 207 0 0 182
2  1072 270 0 0 182
0

0101000
+633 0 -623 0 *
Wi

0101100
-614 0 -622 0 +613 0 +632 0 *
Fa
0  1e-07 270 0

0101000
+612 0 *
Ed
 1e-07 1 1 0
1  351 0 0 182
2  1073 272 0 0 182
2  1074 273 0 0 182
2  1075 214 0 0 182
2  1076 278 0 0 182
0

0101000
+629 0 -619 0 *
Ed
 1e-07 1 1 0
1  352 0 0 182
2  1077 198 0 0 182
2  1078 271 0 0 182
2  1079 207 0 0 182
2  1080 272 0 0 182
0

0101000
+631 0 -621 0 *
Wi

0101100
-610 0 -618 0 +609 0 +628 0 *
Fa
0  1e-07 272 0

0101000
+608 0 *
Wi

0101100
-627 0 -610 0 +617 0 +614 0 *
Fa
0  1e-07 273 0

0101000
+606 0 *
Wi

0101100
-630 0 -609 0 +620 0 +613 0 *
Fa
0  1e-07 271 0

0101000
+604 0 *
Sh

0101100
-625 0 +615 0 -611 0 +607 0 -605 0 +603 0 *
So

0100000
+602 0 *
Wi

0101100
-845 0 -840 0 +843 0 +841 0 *
Wi

0101100
+800 0 -783 0 -790 0 +779 0 *
Wi

0101100
+732 0 -715 0 -722 0 +711 0 *
Wi

0101100
+664 0 -647 0 -654 0 +643 0 *
Wi

0101100
+766 0 -749 0 -756 0 +745 0 *
Wi

0101100
+698 0 -681 0 -688 0 +677 0 *
Wi

0101100
+630 0 -613 0 -620 0 +609 0 *
Fa
0  1e-07 207 0

0101000
+600 0 +599 0 +598 0 +597 0 +596 0 +595 0 +594 0 *
Wi

0101100
-828 0 -823 0 +826 0 +824 0 *
Wi

0101100
+797 0 -784 0 -787 0 +780 0 *
Wi

0101100
+729 0 -716 0 -719 0 +712 0 *
Wi

0101100
+661 0 -648 0 -651 0 +644 0 *
Wi

0101100
+763 0 -750 0 -753 0 +746 0 *
Wi

0101100
+695 0 -682 0 -685 0 +678 0 *
Wi

0101100
+627 0 -614 0 -617 0 +610 0 *
Fa
0  1e-07 214 0

0101000
+592 0 +591 0 +590 0 +589 0 +588 0 +587 0 +586 0 *
Sh

0101100
-815 0 -812 0 +593 0 +807 0 -585 0 +809 0 +795 0 +781 0 -785 0 -777 0 
+727 0 +713 0 -717 0 -709 0 +659 0 +645 0 -649 0 -641 0 +761 0 +747 0 
-751 0 -743 0 +693 0 +679 0 -683 0 -675 0 +625 0 +611 0 -615 0 -607 0 
*
So

0100000
+584 0 *
Ed
 1e-07 1 1 0
1  353 0 0 0.17
2  1081 160 0 0 0.17
2  1082 161 0 0 0.17
2  1083 71 0 0 0.17
2  1084 72 0 0 0.17
0

0101000
+867 0 -1067 0 *
Ed
 1e-07 1 1 0
1  354 0 0 0.17
2  1085 160 0 0 0.17
2  1086 162 0 0 0.17
2  1087 71 0 0 0.17
2  1088 74 0 0 0.17
0

0101000
+865 0 -1065 0 *
Wi

0101100
-582 0 -1063 0 +581 0 +864 0 *
Fa
0  1e-07 160 0

0101000
+580 0 *
Ed
 1e-07 1 1 0
1  355 0 0 0.17
2  1089 163 0 0 0.17
2  1090 161 0 0 0.17
2  1091 72 0 0 0.17
2  1092 80 0 0 0.17
0

0101000
+856 0 -1060 0 *
Wi

0101100
-854 0 -578 0 +1059 0 +582 0 *
Fa
0  1e-07 161 0

0101000
+577 0 *
Ed
 1e-07 1 1 0
1  356 0 0 0.17
2  1093 163 0 0 0.17
2  1094 162 0 0 0.17
2  1095 74 0 0 0.17
2  1096 80 0 0 0.17
0

0101000
+851 0 -1055 0 *
Wi

0101100
-850 0 -575 0 +1054 0 +581 0 *
Fa
0  1e-07 162 0

0101000
+574 0 *
Wi

0101100
-578 0 -1050 0 +575 0 +849 0 *
Fa
0  1e-07 163 0

0101000
+572 0 *
Ed
 1e-07 1 1 0
1  357 0 0 0.17
2  1097 165 0 0 0.17
2  1098 166 0 0 0.17
0

0101000
+847 0 -1048 0 *
Ed
 1e-07 1 1 0
1  358 0 0 0.17
2  1099 165 0 0 0.17
2  1100 168 0 0 0.17
0

0101000
+846 0 -1047 0 *
Wi

0101100
-570 0 -1046 0 +569 0 +845 0 *
Fa
0  1e-07 165 0

0101000
+568 0 *
Ed
 1e-07 1 1 0
1  359 0 0 0.17
2  1101 167 0 0 0.17
2  1102 166 0 0 0.17
0

0101000
+844 0 -1045 0 *
Wi

0101100
-843 0 -566 0 +1044 0 +570 0 *
Fa
0  1e-07 166 0

0101000
+565 0 *
Ed
 1e-07 1 1 0
1  360 0 0 0.17
2  1103 167 0 0 0.17
2  1104 168 0 0 0.17
0

0101000
+842 0 -1043 0 *
Wi

0101100
-566 0 -1042 0 +563 0 +841 0 *
Fa
0  1e-07 167 0

0101000
+562 0 *
Wi

0101100
-840 0 -563 0 +1041 0 +569 0 *
Fa
0  1e-07 168 0

0101000
+560 0 *
Sh

0101100
-579 0 -576 0 +1039 0 +573 0 -838 0 +571 0 +567 0 +564 0 -561 0 -559 0 
*
So

0100000
+558 0 *
Ed
 1e-07 1 1 0
1  361 0 0 0.17
2  1105 170 0 0 0.17
2  1106 172 0 0 0.17
0

0101000
+803 0 -1022 0 *
Ed
 1e-07 1 1 0
1  362 0 0 0.17
2  1107 170 0 0 0.17
2  1108 173 0 0 0.17
0

0101000
+801 0 -1020 0 *
Wi

0101100
-556 0 -1018 0 +555 0 +800 0 *
Fa
0  1e-07 170 0

0101000
+554 0 *
Ed
 1e-07 1 1 0
1  363 0 0 0.17
2  1109 171 0 0 0.17
2  1110 172 0 0 0.17
0

0101000
+793 0 -1015 0 *
Ed
 1e-07 1 1 0
1  364 0 0 0.17
2  1111 171 0 0 0.17
2  1112 173 0 0 0.17
0

0101000
+791 0 -1013 0 *
Wi

0101100
-552 0 -1011 0 +551 0 +790 0 *
Fa
0  1e-07 171 0

0101000
+550 0 *
Wi

0101100
-783 0 -552 0 +1008 0 +556 0 *
Fa
0  1e-07 172 0

0101000
+548 0 *
Wi

0101100
-779 0 -551 0 +1005 0 +555 0 *
Fa
0  1e-07 173 0

0101000
+546 0 *
Sh

0101100
-553 0 +549 0 -547 0 +545 0 -773 0 +1001 0 *
So

0100000
+544 0 *
Ed
 1e-07 1 1 0
1  365 0 0 0.17
2  1113 175 0 0 0.17
2  1114 177 0 0 0.17
0

0101000
+769 0 -998 0 *
Ed
 1e-07 1 1 0
1  366 0 0 0.17
2  1115 175 0 0 0.17
2  1116 178 0 0 0.17
0

0101000
+767 0 -996 0 *
Wi

0101100
-542 0 -994 0 +541 0 +766 0 *
Fa
0  1e-07 175 0

0101000
+540 0 *
Ed
 1e-07 1 1 0
1  367 0 0 0.17
2  1117 176 0 0 0.17
2  1118 177 0 0 0.17
0

0101000
+759 0 -991 0 *
Ed
 1e-07 1 1 0
1  368 0 0 0.17
2  1119 176 0 0 0.17
2  1120 178 0 0 0.17
0

0101000
+757 0 -989 0 *
Wi

0101100
-538 0 -987 0 +537 0 +756 0 *
Fa
0  1e-07 176 0

0101000
+536 0 *
Wi

0101100
-749 0 -538 0 +984 0 +542 0 *
Fa
0  1e-07 177 0

0101000
+534 0 *
Wi

0101100
-745 0 -537 0 +981 0 +541 0 *
Fa
0  1e-07 178 0

0101000
+532 0 *
Sh

0101100
-539 0 +535 0 -533 0 +531 0 -739 0 +977 0 *
So

0100000
+530 0 *
Ed
 1e-07 1 1 0
1  369 0 0 0.17
2  1121 180 0 0 0.17
2  1122 182 0 0 0.17
0

0101000
+735 0 -974 0 *
Ed
 1e-07 1 1 0
1  370 0 0 0.17
2  1123 180 0 0 0.17
2  1124 183 0 0 0.17
0

0101000
+733 0 -972 0 *
Wi

0101100
-528 0 -970 0 +527 0 +732 0 *
Fa
0  1e-07 180 0

0101000
+526 0 *
Ed
 1e-07 1 1 0
1  371 0 0 0.17
2  1125 181 0 0 0.17
2  1126 182 0 0 0.17
0

0101000
+725 0 -967 0 *
Ed
 1e-07 1 1 0
1  372 0 0 0.17
2  1127 181 0 0 0.17
2  1128 183 0 0 0.17
0

0101000
+723 0 -965 0 *
Wi

0101100
-524 0 -963 0 +523 0 +722 0 *
Fa
0  1e-07 181 0

0101000
+522 0 *
Wi

0101100
-715 0 -524 0 +960 0 +528 0 *
Fa
0  1e-07 182 0

0101000
+520 0 *
Wi

0101100
-711 0 -523 0 +957 0 +527 0 *
Fa
0  1e-07 183 0

0101000
+518 0 *
Sh

0101100
-525 0 +521 0 -519 0 +517 0 -705 0 +953 0 *
So

0100000
+516 0 *
Ed
 1e-07 1 1 0
1  373 0 0 0.17
2  1129 185 0 0 0.17
2  1130 187 0 0 0.17
0

0101000
+701 0 -950 0 *
Ed
 1e-07 1 1 0
1  374 0 0 0.17
2  1131 185 0 0 0.17
2  1132 188 0 0 0.17
0

0101000
+699 0 -948 0 *
Wi

0101100
-514 0 -946 0 +513 0 +698 0 *
Fa
0  1e-07 185 0

0101000
+512 0 *
Ed
 1e-07 1 1 0
1  375 0 0 0.17
2  1133 186 0 0 0.17
2  1134 187 0 0 0.17
0

0101000
+691 0 -943 0 *
Ed
 1e-07 1 1 0
1  376 0 0 0.17
2  1135 186 0 0 0.17
2  1136 188 0 0 0.17
0

0101000
+689 0 -941 0 *
Wi

0101100
-510 0 -939 0 +509 0 +688 0 *
Fa
0  1e-07 186 0

0101000
+508 0 *
Wi

0101100
-681 0 -510 0 +936 0 +514 0 *
Fa
0  1e-07 187 0

0101000
+506 0 *
Wi

0101100
-677 0 -509 0 +933 0 +513 0 *
Fa
0  1e-07 188 0

0101000
+504 0 *
Sh

0101100
-511 0 +507 0 -505 0 +503 0 -671 0 +929 0 *
So

0100000
+502 0 *
Ed
 1e-07 1 1 0
1  377 0 0 0.17
2  1137 190 0 0 0.17
2  1138 192 0 0 0.17
0

0101000
+667 0 -926 0 *
Ed
 1e-07 1 1 0
1  378 0 0 0.17
2  1139 190 0 0 0.17
2  1140 193 0 0 0.17
0

0101000
+665 0 -924 0 *
Wi

0101100
-500 0 -922 0 +499 0 +664 0 *
Fa
0  1e-07 190 0

0101000
+498 0 *
Ed
 1e-07 1 1 0
1  379 0 0 0.17
2  1141 191 0 0 0.17
2  1142 192 0 0 0.17
0

0101000
+657 0 -919 0 *
Ed
 1e-07 1 1 0
1  380 0 0 0.17
2  1143 191 0 0 0.17
2  1144 193 0 0 0.17
0

0101000
+655 0 -917 0 *
Wi

0101100
-496 0 -915 0 +495 0 +654 0 *
Fa
0  1e-07 191 0

0101000
+494 0 *
Wi

0101100
-647 0 -496 0 +912 0 +500 0 *
Fa
0  1e-07 192 0

0101000
+492 0 *
Wi

0101100
-643 0 -495 0 +909 0 +499 0 *
Fa
0  1e-07 193 0

0101000
+490 0 *
Sh

0101100
-497 0 +493 0 -491 0 +489 0 -637 0 +905 0 *
So

0100000
+488 0 *
Ed
 1e-07 1 1 0
1  381 0 0 0.17
2  1145 195 0 0 0.17
2  1146 197 0 0 0.17
0

0101000
+633 0 -902 0 *
Ed
 1e-07 1 1 0
1  382 0 0 0.17
2  1147 195 0 0 0.17
2  1148 198 0 0 0.17
0

0101000
+631 0 -900 0 *
Wi

0101100
-486 0 -898 0 +485 0 +630 0 *
Fa
0  1e-07 195 0

0101000
+484 0 *
Ed
 1e-07 1 1 0
1  383 0 0 0.17
2  1149 196 0 0 0.17
2  1150 197 0 0 0.17
0

0101000
+623 0 -895 0 *
Ed
 1e-07 1 1 0
1  384 0 0 0.17
2  1151 196 0 0 0.17
2  1152 198 0 0 0.17
0

0101000
+621 0 -893 0 *
Wi

0101100
-482 0 -891 0 +481 0 +620 0 *
Fa
0  1e-07 196 0

0101000
+480 0 *
Wi

0101100
-613 0 -482 0 +888 0 +486 0 *
Fa
0  1e-07 197 0

0101000
+478 0 *
Wi

0101100
-609 0 -481 0 +885 0 +485 0 *
Fa
0  1e-07 198 0

0101000
+476 0 *
Sh

0101100
-483 0 +479 0 -477 0 +475 0 -603 0 +881 0 *
So

0100000
+474 0 *
Sh

0101100
-567 0 -564 0 +871 0 +559 0 -593 0 +561 0 +553 0 +547 0 -549 0 -545 0 
+525 0 +519 0 -521 0 -517 0 +497 0 +491 0 -493 0 -489 0 +539 0 +533 0 
-535 0 -531 0 +511 0 +505 0 -507 0 -503 0 +483 0 +477 0 -479 0 -475 0 
*
So

0100000
+472 0 *
Ve
1e-07
0 0 0
0 0

0101101
*
Ed
 1e-07 1 1 0
1  97 0 0 0.35
2  273 71 0 0 0.35
2  274 72 0 0 0.35
0

0101000
+470 0 -868 0 *
Ve
1e-07
0 386.5 0
0 0

0101101
*
Ed
 1e-07 1 1 0
1  99 0 0 0.35
2  277 71 0 0 0.35
2  278 74 0 0 0.35
0

0101000
+468 0 -863 0 *
Ed
 1e-07 1 1 0
1  385 0 0 386.5
2  1153 71 0 0 386.5
2  1154 279 0 0 386.5
0

0101000
+470 0 -468 0 *
Wi

0101100
-469 0 -861 0 +467 0 +466 0 *
Fa
0  1e-07 71 0

0101000
+465 0 *
Ve
1e-07
571 0 0
0 0

0101101
*
Ed
 1e-07 1 1 0
1  386 0 0 571
2  1155 72 0 0 571
2  1156 279 0 0 571
0

0101000
+470 0 -463 0 *
Ed
 1e-07 1 1 0
1  102 0 0 0.35
2  287 80 0 0 0.35
2  288 72 0 0 0.35
0

0101000
+463 0 -858 0 *
Wi

0101100
-462 0 -461 0 +857 0 +469 0 *
Fa
0  1e-07 72 0

0101000
+460 0 *
Ve
1e-07
571 386.5 0
0 0

0101101
*
Ed
 1e-07 1 1 0
1  387 0 0 571
2  1157 74 0 0 571
2  1158 279 0 0 571
0

0101000
+468 0 -458 0 *
Ed
 1e-07 1 1 0
1  111 0 0 0.35
2  307 80 0 0 0.35
2  308 74 0 0 0.35
0

0101000
+458 0 -837 0 *
Wi

0101100
-457 0 -456 0 +836 0 +467 0 *
Fa
0  1e-07 74 0

0101000
+455 0 *
Ed
 1e-07 1 1 0
1  388 0 0 386.5
2  1159 80 0 0 386.5
2  1160 279 0 0 386.5
0

0101000
+463 0 -458 0 *
Wi

0101100
-466 0 -457 0 +462 0 +453 0 *
Ve
1.5e-07
8.5 378 0
0 0

0101101
*
Ve
1.5e-07
8.5 8.5 0
0 0

0101101
*
Ed
 1.5e-07 1 1 0
1  389 0 -373.75 -4.25
2  1161 81 0 -373.75 -4.25
2  1162 279 0 -373.75 -4.25
0

0101000
+451 0 -450 0 *
Ve
1.5e-07
562.5 8.5 0
0 0

0101101
*
Ed
 1.5e-07 1 1 0
1  390 0 4.25 558.25
2  1163 82 0 4.25 558.25
2  1164 279 0 4.25 558.25
0

0101000
+450 0 -448 0 *
Ve
1.5e-07
562.5 378 0
0 0

0101101
*
Ed
 1.5e-07 1 1 0
1  391 0 -373.75 -4.25
2  1165 83 0 -373.75 -4.25
2  1166 279 0 -373.75 -4.25
0

0101000
+446 0 -448 0 *
Ed
 1.5e-07 1 1 0
1  392 0 4.25 558.25
2  1167 84 0 4.25 558.25
2  1168 279 0 4.25 558.25
0

0101000
+451 0 -446 0 *
Wi

0101100
-449 0 -447 0 +445 0 +444 0 *
Fa
0  1e-07 279 0

0101000
+452 0 +443 0 *
Wi

0101100
-461 0 -832 0 +456 0 +453 0 *
Fa
0  1e-07 80 0

0101000
+441 0 *
Ed
 1e-07 1 1 0
1  393 0 0 0.35
2  1169 215 0 0 0.35
2  1170 216 0 0 0.35
0

0101000
+450 0 -830 0 *
Ed
 1e-07 1 1 0
1  394 0 0 0.35
2  1171 215 0 0 0.35
2  1172 218 0 0 0.35
0

0101000
+451 0 -829 0 *
Wi

0101100
-439 0 -828 0 +438 0 -449 0 *
Fa
0  1e-07 215 0

0101000
+437 0 *
Ed
 1e-07 1 1 0
1  395 0 0 0.35
2  1173 217 0 0 0.35
2  1174 216 0 0 0.35
0

0101000
+448 0 -827 0 *
Wi

0101100
-447 0 -435 0 +826 0 +439 0 *
Fa
0  1e-07 216 0

0101000
+434 0 *
Ed
 1e-07 1 1 0
1  396 0 0 0.35
2  1175 217 0 0 0.35
2  1176 218 0 0 0.35
0

0101000
+446 0 -825 0 *
Wi

0101100
-435 0 -824 0 +432 0 -445 0 *
Fa
0  1e-07 217 0

0101000
+431 0 *
Wi

0101100
-444 0 -432 0 +823 0 +438 0 *
Fa
0  1e-07 218 0

0101000
+429 0 *
Sh

0101100
-464 0 -459 0 +821 0 +454 0 -442 0 +440 0 +436 0 +433 0 -430 0 -428 0 
*
So

0100000
+427 0 *
Ve
1e-07
10 10 0
0 0

0101101
*
Ed
 1e-07 1 1 0
1  397 0 0 0.35
2  1177 224 0 0 0.35
2  1178 227 0 0 0.35
0

0101000
+425 0 -804 0 *
Ve
1e-07
10 192 0
0 0

0101101
*
Ed
 1e-07 1 1 0
1  398 0 0 0.35
2  1179 224 0 0 0.35
2  1180 228 0 0 0.35
0

0101000
+423 0 -799 0 *
Ed
 1e-07 1 1 0
1  399 0 0 182
2  1181 224 0 0 182
2  1182 280 0 0 182
2  1183 281 0 0 182
0

0101000
-423 0 +425 0 *
Wi

0101100
-424 0 -797 0 +422 0 +421 0 *
Fa
0  1e-07 224 0

0101000
+420 0 *
Ve
1e-07
192 10 0
0 0

0101101
*
Ed
 1e-07 1 1 0
1  400 0 0 0.35
2  1184 226 0 0 0.35
2  1185 227 0 0 0.35
0

0101000
+418 0 -794 0 *
Ve
1e-07
192 192 0
0 0

0101101
*
Ed
 1e-07 1 1 0
1  401 0 0 0.35
2  1186 226 0 0 0.35
2  1187 228 0 0 0.35
0

0101000
+416 0 -789 0 *
Ed
 1e-07 1 1 0
1  402 0 0 182
2  1188 226 0 0 182
2  1189 280 0 0 182
2  1190 281 0 0 182
0

0101000
-416 0 +418 0 *
Wi

0101100
-417 0 -787 0 +415 0 +414 0 *
Fa
0  1e-07 226 0

0101000
+413 0 *
Ed
 1e-07 1 1 0
1  403 0 0 182
2  1191 227 0 0 182
2  1192 280 0 0 182
2  1193 281 0 0 182
0

0101000
-418 0 +425 0 *
Wi

0101100
-411 0 -417 0 +784 0 +424 0 *
Fa
0  1e-07 227 0

0101000
+410 0 *
Ed
 1e-07 1 1 0
1  404 0 0 182
2  1194 228 0 0 182
2  1195 280 0 0 182
2  1196 281 0 0 182
0

0101000
-416 0 +423 0 *
Wi

0101100
-408 0 -415 0 +780 0 +422 0 *
Fa
0  1e-07 228 0

0101000
+407 0 *
Wi

0101100
-421 0 -408 0 +414 0 +411 0 *
Fa
0  1e-07 280 0

0111000
+405 0 *
Sh

0101100
-419 0 +412 0 -409 0 +406 0 -404 0 +775 0 *
So

0100000
+403 0 *
Ve
1e-07
10 194.5 0
0 0

0101101
*
Ed
 1e-07 1 1 0
1  405 0 0 0.35
2  1197 234 0 0 0.35
2  1198 237 0 0 0.35
0

0101000
+401 0 -770 0 *
Ve
1e-07
10 376.5 0
0 0

0101101
*
Ed
 1e-07 1 1 0
1  406 0 0 0.35
2  1199 234 0 0 0.35
2  1200 238 0 0 0.35
0

0101000
+399 0 -765 0 *
Ed
 1e-07 1 1 0
1  407 0 0 182
2  1201 234 0 0 182
2  1202 282 0 0 182
2  1203 281 0 0 182
0

0101000
-399 0 +401 0 *
Wi

0101100
-400 0 -763 0 +398 0 +397 0 *
Fa
0  1e-07 234 0

0101000
+396 0 *
Ve
1e-07
192 194.5 0
0 0

0101101
*
Ed
 1e-07 1 1 0
1  408 0 0 0.35
2  1204 236 0 0 0.35
2  1205 237 0 0 0.35
0

0101000
+394 0 -760 0 *
Ve
1e-07
192 376.5 0
0 0

0101101
*
Ed
 1e-07 1 1 0
1  409 0 0 0.35
2  1206 236 0 0 0.35
2  1207 238 0 0 0.35
0

0101000
+392 0 -755 0 *
Ed
 1e-07 1 1 0
1  410 0 0 182
2  1208 236 0 0 182
2  1209 282 0 0 182
2  1210 281 0 0 182
0

0101000
-392 0 +394 0 *
Wi

0101100
-393 0 -753 0 +391 0 +390 0 *
Fa
0  1e-07 236 0

0101000
+389 0 *
Ed
 1e-07 1 1 0
1  411 0 0 182
2  1211 237 0 0 182
2  1212 282 0 0 182
2  1213 281 0 0 182
0

0101000
-394 0 +401 0 *
Wi

0101100
-387 0 -393 0 +750 0 +400 0 *
Fa
0  1e-07 237 0

0101000
+386 0 *
Ed
 1e-07 1 1 0
1  412 0 0 182
2  1214 238 0 0 182
2  1215 282 0 0 182
2  1216 281 0 0 182
0

0101000
-392 0 +399 0 *
Wi

0101100
-384 0 -391 0 +746 0 +398 0 *
Fa
0  1e-07 238 0

0101000
+383 0 *
Wi

0101100
-397 0 -384 0 +390 0 +387 0 *
Fa
0  1e-07 282 0

0111000
+381 0 *
Sh

0101100
-395 0 +388 0 -385 0 +382 0 -380 0 +741 0 *
So

0100000
+379 0 *
Ve
1e-07
194.5 10 0
0 0

0101101
*
Ed
 1e-07 1 1 0
1  413 0 0 0.35
2  1217 244 0 0 0.35
2  1218 247 0 0 0.35
0

0101000
+377 0 -736 0 *
Ve
1e-07
194.5 192 0
0 0

0101101
*
Ed
 1e-07 1 1 0
1  414 0 0 0.35
2  1219 244 0 0 0.35
2  1220 248 0 0 0.35
0

0101000
+375 0 -731 0 *
Ed
 1e-07 1 1 0
1  415 0 0 182
2  1221 244 0 0 182
2  1222 283 0 0 182
2  1223 281 0 0 182
0

0101000
-375 0 +377 0 *
Wi

0101100
-376 0 -729 0 +374 0 +373 0 *
Fa
0  1e-07 244 0

0101000
+372 0 *
Ve
1e-07
376.5 10 0
0 0

0101101
*
Ed
 1e-07 1 1 0
1  416 0 0 0.35
2  1224 246 0 0 0.35
2  1225 247 0 0 0.35
0

0101000
+370 0 -726 0 *
Ve
1e-07
376.5 192 0
0 0

0101101
*
Ed
 1e-07 1 1 0
1  417 0 0 0.35
2  1226 246 0 0 0.35
2  1227 248 0 0 0.35
0

0101000
+368 0 -721 0 *
Ed
 1e-07 1 1 0
1  418 0 0 182
2  1228 246 0 0 182
2  1229 283 0 0 182
2  1230 281 0 0 182
0

0101000
-368 0 +370 0 *
Wi

0101100
-369 0 -719 0 +367 0 +366 0 *
Fa
0  1e-07 246 0

0101000
+365 0 *
Ed
 1e-07 1 1 0
1  419 0 0 182
2  1231 247 0 0 182
2  1232 283 0 0 182
2  1233 281 0 0 182
0

0101000
-370 0 +377 0 *
Wi

0101100
-363 0 -369 0 +716 0 +376 0 *
Fa
0  1e-07 247 0

0101000
+362 0 *
Ed
 1e-07 1 1 0
1  420 0 0 182
2  1234 248 0 0 182
2  1235 283 0 0 182
2  1236 281 0 0 182
0

0101000
-368 0 +375 0 *
Wi

0101100
-360 0 -367 0 +712 0 +374 0 *
Fa
0  1e-07 248 0

0101000
+359 0 *
Wi

0101100
-373 0 -360 0 +366 0 +363 0 *
Fa
0  1e-07 283 0

0111000
+357 0 *
Sh

0101100
-371 0 +364 0 -361 0 +358 0 -356 0 +707 0 *
So

0100000
+355 0 *
Ve
1e-07
194.5 194.5 0
0 0

0101101
*
Ed
 1e-07 1 1 0
1  421 0 0 0.35
2  1237 254 0 0 0.35
2  1238 257 0 0 0.35
0

0101000
+353 0 -702 0 *
Ve
1e-07
194.5 376.5 0
0 0

0101101
*
Ed
 1e-07 1 1 0
1  422 0 0 0.35
2  1239 254 0 0 0.35
2  1240 258 0 0 0.35
0

0101000
+351 0 -697 0 *
Ed
 1e-07 1 1 0
1  423 0 0 182
2  1241 254 0 0 182
2  1242 284 0 0 182
2  1243 281 0 0 182
0

0101000
-351 0 +353 0 *
Wi

0101100
-352 0 -695 0 +350 0 +349 0 *
Fa
0  1e-07 254 0

0101000
+348 0 *
Ve
1e-07
376.5 194.5 0
0 0

0101101
*
Ed
 1e-07 1 1 0
1  424 0 0 0.35
2  1244 256 0 0 0.35
2  1245 257 0 0 0.35
0

0101000
+346 0 -692 0 *
Ve
1e-07
376.5 376.5 0
0 0

0101101
*
Ed
 1e-07 1 1 0
1  425 0 0 0.35
2  1246 256 0 0 0.35
2  1247 258 0 0 0.35
0

0101000
+344 0 -687 0 *
Ed
 1e-07 1 1 0
1  426 0 0 182
2  1248 256 0 0 182
2  1249 284 0 0 182
2  1250 281 0 0 182
0

0101000
-344 0 +346 0 *
Wi

0101100
-345 0 -685 0 +343 0 +342 0 *
Fa
0  1e-07 256 0

0101000
+341 0 *
Ed
 1e-07 1 1 0
1  427 0 0 182
2  1251 257 0 0 182
2  1252 284 0 0 182
2  1253 281 0 0 182
0

0101000
-346 0 +353 0 *
Wi

0101100
-339 0 -345 0 +682 0 +352 0 *
Fa
0  1e-07 257 0

0101000
+338 0 *
Ed
 1e-07 1 1 0
1  428 0 0 182
2  1254 258 0 0 182
2  1255 284 0 0 182
2  1256 281 0 0 182
0

0101000
-344 0 +351 0 *
Wi

0101100
-336 0 -343 0 +678 0 +350 0 *
Fa
0  1e-07 258 0

0101000
+335 0 *
Wi

0101100
-349 0 -336 0 +342 0 +339 0 *
Fa
0  1e-07 284 0

0111000
+333 0 *
Sh

0101100
-347 0 +340 0 -337 0 +334 0 -332 0 +673 0 *
So

0100000
+331 0 *
Ve
1e-07
379 10 0
0 0

0101101
*
Ed
 1e-07 1 1 0
1  429 0 0 0.35
2  1257 264 0 0 0.35
2  1258 267 0 0 0.35
0

0101000
+329 0 -668 0 *
Ve
1e-07
379 192 0
0 0

0101101
*
Ed
 1e-07 1 1 0
1  430 0 0 0.35
2  1259 264 0 0 0.35
2  1260 268 0 0 0.35
0

0101000
+327 0 -663 0 *
Ed
 1e-07 1 1 0
1  431 0 0 182
2  1261 264 0 0 182
2  1262 285 0 0 182
2  1263 281 0 0 182
0

0101000
-327 0 +329 0 *
Wi

0101100
-328 0 -661 0 +326 0 +325 0 *
Fa
0  1e-07 264 0

0101000
+324 0 *
Ve
1e-07
561 10 0
0 0

0101101
*
Ed
 1e-07 1 1 0
1  432 0 0 0.35
2  1264 266 0 0 0.35
2  1265 267 0 0 0.35
0

0101000
+322 0 -658 0 *
Ve
1e-07
561 192 0
0 0

0101101
*
Ed
 1e-07 1 1 0
1  433 0 0 0.35
2  1266 266 0 0 0.35
2  1267 268 0 0 0.35
0

0101000
+320 0 -653 0 *
Ed
 1e-07 1 1 0
1  434 0 0 182
2  1268 266 0 0 182
2  1269 285 0 0 182
2  1270 281 0 0 182
0

0101000
-320 0 +322 0 *
Wi

0101100
-321 0 -651 0 +319 0 +318 0 *
Fa
0  1e-07 266 0

0101000
+317 0 *
Ed
 1e-07 1 1 0
1  435 0 0 182
2  1271 267 0 0 182
2  1272 285 0 0 182
2  1273 281 0 0 182
0

0101000
-322 0 +329 0 *
Wi

0101100
-315 0 -321 0 +648 0 +328 0 *
Fa
0  1e-07 267 0

0101000
+314 0 *
Ed
 1e-07 1 1 0
1  436 0 0 182
2  1274 268 0 0 182
2  1275 285 0 0 182
2  1276 281 0 0 182
0

0101000
-320 0 +327 0 *
Wi

0101100
-312 0 -319 0 +644 0 +326 0 *
Fa
0  1e-07 268 0

0101000
+311 0 *
Wi

0101100
-325 0 -312 0 +318 0 +315 0 *
Fa
0  1e-07 285 0

0111000
+309 0 *
Sh

0101100
-323 0 +316 0 -313 0 +310 0 -308 0 +639 0 *
So

0100000
+307 0 *
Ve
1e-07
379 194.5 0
0 0

0101101
*
Ed
 1e-07 1 1 0
1  437 0 0 0.35
2  1277 274 0 0 0.35
2  1278 277 0 0 0.35
0

0101000
+305 0 -634 0 *
Ve
1e-07
379 376.5 0
0 0

0101101
*
Ed
 1e-07 1 1 0
1  438 0 0 0.35
2  1279 274 0 0 0.35
2  1280 278 0 0 0.35
0

0101000
+303 0 -629 0 *
Ed
 1e-07 1 1 0
1  439 0 0 182
2  1281 274 0 0 182
2  1282 286 0 0 182
2  1283 281 0 0 182
0

0101000
-303 0 +305 0 *
Wi

0101100
-304 0 -627 0 +302 0 +301 0 *
Fa
0  1e-07 274 0

0101000
+300 0 *
Ve
1e-07
561 194.5 0
0 0

0101101
*
Ed
 1e-07 1 1 0
1  440 0 0 0.35
2  1284 276 0 0 0.35
2  1285 277 0 0 0.35
0

0101000
+298 0 -624 0 *
Ve
1e-07
561 376.5 0
0 0

0101101
*
Ed
 1e-07 1 1 0
1  441 0 0 0.35
2  1286 276 0 0 0.35
2  1287 278 0 0 0.35
0

0101000
+296 0 -619 0 *
Ed
 1e-07 1 1 0
1  442 0 0 182
2  1288 276 0 0 182
2  1289 286 0 0 182
2  1290 281 0 0 182
0

0101000
-296 0 +298 0 *
Wi

0101100
-297 0 -617 0 +295 0 +294 0 *
Fa
0  1e-07 276 0

0101000
+293 0 *
Ed
 1e-07 1 1 0
1  443 0 0 182
2  1291 277 0 0 182
2  1292 286 0 0 182
2  1293 281 0 0 182
0

0101000
-298 0 +305 0 *
Wi

0101100
-291 0 -297 0 +614 0 +304 0 *
Fa
0  1e-07 277 0

0101000
+290 0 *
Ed
 1e-07 1 1 0
1  444 0 0 182
2  1294 278 0 0 182
2  1295 286 0 0 182
2  1296 281 0 0 182
0

0101000
-296 0 +303 0 *
Wi

0101100
-288 0 -295 0 +610 0 +302 0 *
Fa
0  1e-07 278 0

0101000
+287 0 *
Wi

0101100
-301 0 -288 0 +294 0 +291 0 *
Fa
0  1e-07 286 0

0111000
+285 0 *
Sh

0101100
-299 0 +292 0 -289 0 +286 0 -284 0 +605 0 *
So

0100000
+283 0 *
Wi

0101100
+449 0 -444 0 +447 0 -445 0 *
Wi

0101100
+421 0 -411 0 -414 0 +408 0 *
Wi

0101100
+373 0 -363 0 -366 0 +360 0 *
Wi

0101100
+325 0 -315 0 -318 0 +312 0 *
Wi

0101100
+397 0 -387 0 -390 0 +384 0 *
Wi

0101100
+349 0 -339 0 -342 0 +336 0 *
Wi

0101100
+301 0 -291 0 -294 0 +288 0 *
Fa
0  1e-07 281 0

0101000
+281 0 +280 0 +279 0 +278 0 +277 0 +276 0 +275 0 *
Sh

0101100
-436 0 -433 0 +585 0 +428 0 -274 0 +430 0 +419 0 +409 0 -412 0 -406 0 
+371 0 +361 0 -364 0 -358 0 +323 0 +313 0 -316 0 -310 0 +395 0 +385 0 
-388 0 -382 0 +347 0 +337 0 -340 0 -334 0 +299 0 +289 0 -292 0 -286 0 
*
So

0100000
+273 0 *
Ed
 1.00000002220446e-07 1 1 0
1  445 0 18.2 593.2
2  1297 14 0 18.2 593.2
2  1298 16 0 18.2 593.2
2  1299 18 0 18.2 593.2
0

0101000
+1577 0 -1451 0 *
Ed
 1.00000002220446e-07 1 1 0
1  446 0 18.2 593.2
2  1300 11 0 18.2 593.2
2  1301 14 0 18.2 593.2
2  1302 13 0 18.2 593.2
0

0101000
+1579 0 -1449 0 *
Wi

0101100
-1576 0 -271 0 -1448 0 +270 0 *
Fa
0  1e-07 14 0

0101000
+269 0 *
Ed
 1.00000001776357e-07 1 1 0
1  447 0 28.7 582.7
2  1303 9 0 28.7 582.7
2  1304 11 0 28.7 582.7
2  1305 13 0 28.7 582.7
0

0101000
+1581 0 -1447 0 *
Wi

0101100
-1578 0 -270 0 -1446 0 +267 0 *
Fa
0  1e-07 11 0

0101000
+266 0 *
Ed
 1e-07 1 1 0
1  448 0 18.2 593.2
2  1306 41 0 18.2 593.2
2  1307 42 0 18.2 593.2
2  1308 13 0 18.2 593.2
0

0101000
+1542 0 -1414 0 *
Ed
 1.00000000444089e-07 1 1 0
1  449 0 28.7 582.7
2  1309 40 0 28.7 582.7
2  1310 41 0 28.7 582.7
2  1311 13 0 28.7 582.7
0

0101000
+1544 0 -1412 0 *
Wi

0101100
+1541 0 -264 0 +1411 0 +263 0 *
Fa
0  1e-07 41 0

0101000
+262 0 *
Ed
 1e-07 1 1 0
1  450 0 18.2 593.2
2  1312 42 0 18.2 593.2
2  1313 43 0 18.2 593.2
2  1314 18 0 18.2 593.2
0

0101000
+1540 0 -1416 0 *
Wi

0101100
+1539 0 -260 0 +1413 0 +264 0 *
Fa
0  1e-07 42 0

0101000
+259 0 *
Ed
 1.00000001776357e-07 1 1 0
1  451 0 28.7 582.7
2  1315 16 0 28.7 582.7
2  1316 19 0 28.7 582.7
2  1317 18 0 28.7 582.7
0

0101000
+1575 0 -1453 0 *
Wi

0101100
-1574 0 -257 0 -1450 0 +271 0 *
Fa
0  1e-07 16 0

0101000
+256 0 *
Ed
 1.00000000444089e-07 1 1 0
1  452 0 28.7 582.7
2  1318 43 0 28.7 582.7
2  1319 44 0 28.7 582.7
2  1320 18 0 28.7 582.7
0

0101000
+1538 0 -1418 0 *
Wi

0101100
+1537 0 -254 0 +1415 0 +260 0 *
Fa
0  1e-07 43 0

0101000
+253 0 *
Ed
 1e-07 1 1 0
1  453 0 5.225 6
2  1321 81 0 5.225 6
2  1322 82 0 5.225 6
0

0101000
+1331 0 -1581 0 *
Ed
 1e-07 1 1 0
1  454 0 5.225 6
2  1323 81 0 5.225 6
2  1324 84 0 5.225 6
0

0101000
+1332 0 -1544 0 *
Wi

0101100
-251 0 -1513 0 +250 0 -1330 0 *
Fa
0  1e-07 81 0

0101000
+249 0 *
Ed
 1e-07 1 1 0
1  455 0 5.225 6
2  1325 83 0 5.225 6
2  1326 82 0 5.225 6
0

0101000
+1329 0 -1447 0 *
Wi

0101100
-247 0 +267 0 +251 0 -1328 0 *
Fa
0  1e-07 82 0

0101000
+246 0 *
Ed
 1e-07 1 1 0
1  456 0 5.225 6
2  1327 83 0 5.225 6
2  1328 84 0 5.225 6
0

0101000
+1327 0 -1412 0 *
Wi

0101100
-247 0 -1372 0 +244 0 -1326 0 *
Fa
0  1e-07 83 0

0101000
+243 0 *
Wi

0101100
-244 0 +263 0 +250 0 -1325 0 *
Fa
0  1e-07 84 0

0101000
+241 0 *
Ed
 1e-07 1 1 0
1  453 0 0 0.775
2  1321 81 0 0 0.775
2  1322 82 0 0 0.775
0

0101000
+1575 0 -450 0 *
Ed
 1e-07 1 1 0
1  454 0 0 0.775
2  1323 81 0 0 0.775
2  1324 84 0 0 0.775
0

0101000
+1538 0 -451 0 *
Wi

0101100
-239 0 +449 0 +238 0 +1504 0 *
Fa
0  1e-07 81 0

0101000
+237 0 *
Ed
 1e-07 1 1 0
1  455 0 0 0.775
2  1325 83 0 0 0.775
2  1326 82 0 0 0.775
0

0101000
+1453 0 -448 0 *
Wi

0101100
-235 0 +447 0 +239 0 -257 0 *
Fa
0  1e-07 82 0

0101000
+234 0 *
Ed
 1e-07 1 1 0
1  456 0 0 0.775
2  1327 83 0 0 0.775
2  1328 84 0 0 0.775
0

0101000
+1418 0 -446 0 *
Wi

0101100
-235 0 +445 0 +232 0 +1381 0 *
Fa
0  1e-07 83 0

0101000
+231 0 *
Wi

0101100
-232 0 +444 0 +238 0 -254 0 *
Fa
0  1e-07 84 0

0101000
+229 0 *
Sh

0101100
+1505 0 -268 0 -265 0 +1508 0 +261 0 -1370 0 +258 0 -255 0 +1502 0 +252 0 
-1376 0 -1373 0 +248 0 +245 0 -242 0 -240 0 +236 0 +233 0 -230 0 -228 0 
-1323 0 +442 0 +464 0 +859 0 +579 0 +1061 0 +1344 0 -454 0 -833 0 -573 0 
-1051 0 -1318 0 +459 0 +852 0 +576 0 +1056 0 +1337 0 -440 0 -819 0 -571 0 
-1037 0 -1304 0 *
So

0100000
+227 0 *
Ve
1e-07
164.9 9 -41.775
0 0

0101101
*
Ve
1e-07
164.9 9 -43.275
0 0

0101101
*
Ed
 1e-07 1 1 0
1  457 0 0 1.5
2  1329 287 0 0 1.5
2  1330 288 0 0 1.5
0

0101000
-225 0 +224 0 *
Ve
1e-07
164.9 19 -41.775
0 0

0101101
*
Ed
 1e-07 1 1 0
1  458 0 0 10
2  1331 287 0 0 10
2  1332 289 0 0 10
2  1333 25 0 0 10
0

0101000
-222 0 +225 0 *
Ve
1e-07
164.9 19 -43.275
0 0

0101101
*
Ed
 1e-07 1 1 0
1  459 0 0 1.5
2  1334 287 0 0 1.5
2  1335 290 0 0 1.5
0

0101000
-222 0 +220 0 *
Ed
 1e-07 1 1 0
1  460 0 0 10
2  1336 287 0 0 10
2  1337 291 0 0 10
2  1338 29 0 0 10
0

0101000
-220 0 +224 0 *
Wi

0101100
-223 0 -221 0 +219 0 +218 0 *
Fa
0  1e-07 287 0

0111000
+217 0 *
Ve
1e-07
174.9 9 -41.775
0 0

0101101
*
Ve
1e-07
174.9 9 -43.275
0 0

0101101
*
Ed
 1e-07 1 1 0
1  461 0 0 1.5
2  1339 292 0 0 1.5
2  1340 288 0 0 1.5
0

0101000
-215 0 +214 0 *
Ve
1e-07
174.9 19 -41.775
0 0

0101101
*
Ed
 1e-07 1 1 0
1  462 0 0 10
2  1341 292 0 0 10
2  1342 289 0 0 10
2  1343 25 0 0 10
0

0101000
-212 0 +215 0 *
Ve
1e-07
174.9 19 -43.275
0 0

0101101
*
Ed
 1e-07 1 1 0
1  463 0 0 1.5
2  1344 292 0 0 1.5
2  1345 290 0 0 1.5
0

0101000
-212 0 +210 0 *
Ed
 1e-07 1 1 0
1  464 0 0 10
2  1346 292 0 0 10
2  1347 291 0 0 10
2  1348 29 0 0 10
0

0101000
-210 0 +214 0 *
Wi

0101100
-213 0 -211 0 +209 0 +208 0 *
Fa
0  1e-07 292 0

0111000
+207 0 *
Ed
 1e-07 1 1 0
1  465 0 0 10
2  1349 288 0 0 10
2  1350 291 0 0 10
2  1351 29 0 0 10
0

0101000
-214 0 +224 0 *
Ed
 1e-07 1 1 0
1  466 0 0 10
2  1352 288 0 0 10
2  1353 289 0 0 10
2  1354 25 0 0 10
0

0101000
-215 0 +225 0 *
Wi

0101100
-205 0 -213 0 +204 0 +223 0 *
Fa
0  1e-07 288 0

0111000
+203 0 *
Ed
 1e-07 1 1 0
1  467 0 0 10
2  1355 290 0 0 10
2  1356 291 0 0 10
2  1357 29 0 0 10
0

0101000
-210 0 +220 0 *
Ed
 1e-07 1 1 0
1  468 0 0 10
2  1358 290 0 0 10
2  1359 289 0 0 10
2  1360 25 0 0 10
0

0101000
-212 0 +222 0 *
Wi

0101100
-201 0 -209 0 +200 0 +219 0 *
Fa
0  1e-07 290 0

0111000
+199 0 *
Wi

0101100
-218 0 -201 0 +208 0 +205 0 *
Fa
0  1e-07 291 0

0111000
+197 0 *
Wi

0101100
-221 0 -200 0 +211 0 +204 0 *
Fa
0  1e-07 289 0

0111000
+195 0 *
Sh

0101100
-216 0 +206 0 -202 0 +198 0 -196 0 +194 0 *
So

0100000
+193 0 *
Ve
1e-07
396.1 9 -41.775
0 0

0101101
*
Ve
1e-07
396.1 9 -43.275
0 0

0101101
*
Ed
 1e-07 1 1 0
1  469 0 0 1.5
2  1361 293 0 0 1.5
2  1362 294 0 0 1.5
0

0101000
-191 0 +190 0 *
Ve
1e-07
396.1 19 -41.775
0 0

0101101
*
Ed
 1e-07 1 1 0
1  470 0 0 10
2  1363 293 0 0 10
2  1364 295 0 0 10
2  1365 25 0 0 10
0

0101000
-188 0 +191 0 *
Ve
1e-07
396.1 19 -43.275
0 0

0101101
*
Ed
 1e-07 1 1 0
1  471 0 0 1.5
2  1366 293 0 0 1.5
2  1367 296 0 0 1.5
0

0101000
-188 0 +186 0 *
Ed
 1e-07 1 1 0
1  472 0 0 10
2  1368 293 0 0 10
2  1369 297 0 0 10
2  1370 29 0 0 10
0

0101000
-186 0 +190 0 *
Wi

0101100
-189 0 -187 0 +185 0 +184 0 *
Fa
0  1e-07 293 0

0111000
+183 0 *
Ve
1e-07
406.1 9 -41.775
0 0

0101101
*
Ve
1e-07
406.1 9 -43.275
0 0

0101101
*
Ed
 1e-07 1 1 0
1  473 0 0 1.5
2  1371 298 0 0 1.5
2  1372 294 0 0 1.5
0

0101000
-181 0 +180 0 *
Ve
1e-07
406.1 19 -41.775
0 0

0101101
*
Ed
 1e-07 1 1 0
1  474 0 0 10
2  1373 298 0 0 10
2  1374 295 0 0 10
2  1375 25 0 0 10
0

0101000
-178 0 +181 0 *
Ve
1e-07
406.1 19 -43.275
0 0

0101101
*
Ed
 1e-07 1 1 0
1  475 0 0 1.5
2  1376 298 0 0 1.5
2  1377 296 0 0 1.5
0

0101000
-178 0 +176 0 *
Ed
 1e-07 1 1 0
1  476 0 0 10
2  1378 298 0 0 10
2  1379 297 0 0 10
2  1380 29 0 0 10
0

0101000
-176 0 +180 0 *
Wi

0101100
-179 0 -177 0 +175 0 +174 0 *
Fa
0  1e-07 298 0

0111000
+173 0 *
Ed
 1e-07 1 1 0
1  477 0 0 10
2  1381 294 0 0 10
2  1382 297 0 0 10
2  1383 29 0 0 10
0

0101000
-180 0 +190 0 *
Ed
 1e-07 1 1 0
1  478 0 0 10
2  1384 294 0 0 10
2  1385 295 0 0 10
2  1386 25 0 0 10
0

0101000
-181 0 +191 0 *
Wi

0101100
-171 0 -179 0 +170 0 +189 0 *
Fa
0  1e-07 294 0

0111000
+169 0 *
Ed
 1e-07 1 1 0
1  479 0 0 10
2  1387 296 0 0 10
2  1388 297 0 0 10
2  1389 29 0 0 10
0

0101000
-176 0 +186 0 *
Ed
 1e-07 1 1 0
1  480 0 0 10
2  1390 296 0 0 10
2  1391 295 0 0 10
2  1392 25 0 0 10
0

0101000
-178 0 +188 0 *
Wi

0101100
-167 0 -175 0 +166 0 +185 0 *
Fa
0  1e-07 296 0

0111000
+165 0 *
Wi

0101100
-184 0 -167 0 +174 0 +171 0 *
Fa
0  1e-07 297 0

0111000
+163 0 *
Wi

0101100
-187 0 -166 0 +177 0 +170 0 *
Fa
0  1e-07 295 0

0111000
+161 0 *
Sh

0101100
-182 0 +172 0 -168 0 +164 0 -162 0 +160 0 *
So

0100000
+159 0 *
Ve
1e-07
164.9 367.5 -41.775
0 0

0101101
*
Ve
1e-07
164.9 367.5 -43.275
0 0

0101101
*
Ed
 1e-07 1 1 0
1  481 0 0 1.5
2  1393 299 0 0 1.5
2  1394 300 0 0 1.5
0

0101000
-157 0 +156 0 *
Ve
1e-07
164.9 377.5 -41.775
0 0

0101101
*
Ed
 1e-07 1 1 0
1  482 0 0 10
2  1395 299 0 0 10
2  1396 301 0 0 10
2  1397 47 0 0 10
0

0101000
-154 0 +157 0 *
Ve
1e-07
164.9 377.5 -43.275
0 0

0101101
*
Ed
 1e-07 1 1 0
1  483 0 0 1.5
2  1398 299 0 0 1.5
2  1399 302 0 0 1.5
0

0101000
-154 0 +152 0 *
Ed
 1e-07 1 1 0
1  484 0 0 10
2  1400 299 0 0 10
2  1401 303 0 0 10
2  1402 38 0 0 10
0

0101000
-152 0 +156 0 *
Wi

0101100
-155 0 -153 0 +151 0 +150 0 *
Fa
0  1e-07 299 0

0111000
+149 0 *
Ve
1e-07
174.9 367.5 -41.775
0 0

0101101
*
Ve
1e-07
174.9 367.5 -43.275
0 0

0101101
*
Ed
 1e-07 1 1 0
1  485 0 0 1.5
2  1403 304 0 0 1.5
2  1404 300 0 0 1.5
0

0101000
-147 0 +146 0 *
Ve
1e-07
174.9 377.5 -41.775
0 0

0101101
*
Ed
 1e-07 1 1 0
1  486 0 0 10
2  1405 304 0 0 10
2  1406 301 0 0 10
2  1407 47 0 0 10
0

0101000
-144 0 +147 0 *
Ve
1e-07
174.9 377.5 -43.275
0 0

0101101
*
Ed
 1e-07 1 1 0
1  487 0 0 1.5
2  1408 304 0 0 1.5
2  1409 302 0 0 1.5
0

0101000
-144 0 +142 0 *
Ed
 1e-07 1 1 0
1  488 0 0 10
2  1410 304 0 0 10
2  1411 303 0 0 10
2  1412 38 0 0 10
0

0101000
-142 0 +146 0 *
Wi

0101100
-145 0 -143 0 +141 0 +140 0 *
Fa
0  1e-07 304 0

0111000
+139 0 *
Ed
 1e-07 1 1 0
1  489 0 0 10
2  1413 300 0 0 10
2  1414 303 0 0 10
2  1415 38 0 0 10
0

0101000
-146 0 +156 0 *
Ed
 1e-07 1 1 0
1  490 0 0 10
2  1416 300 0 0 10
2  1417 301 0 0 10
2  1418 47 0 0 10
0

0101000
-147 0 +157 0 *
Wi

0101100
-137 0 -145 0 +136 0 +155 0 *
Fa
0  1e-07 300 0

0111000
+135 0 *
Ed
 1e-07 1 1 0
1  491 0 0 10
2  1419 302 0 0 10
2  1420 303 0 0 10
2  1421 38 0 0 10
0

0101000
-142 0 +152 0 *
Ed
 1e-07 1 1 0
1  492 0 0 10
2  1422 302 0 0 10
2  1423 301 0 0 10
2  1424 47 0 0 10
0

0101000
-144 0 +154 0 *
Wi

0101100
-133 0 -141 0 +132 0 +151 0 *
Fa
0  1e-07 302 0

0111000
+131 0 *
Wi

0101100
-150 0 -133 0 +140 0 +137 0 *
Fa
0  1e-07 303 0

0111000
+129 0 *
Wi

0101100
-153 0 -132 0 +143 0 +136 0 *
Fa
0  1e-07 301 0

0111000
+127 0 *
Sh

0101100
-148 0 +138 0 -134 0 +130 0 -128 0 +126 0 *
So

0100000
+125 0 *
Ve
1e-07
396.1 367.5 -41.775
0 0

0101101
*
Ve
1e-07
396.1 367.5 -43.275
0 0

0101101
*
Ed
 1e-07 1 1 0
1  493 0 0 1.5
2  1425 305 0 0 1.5
2  1426 306 0 0 1.5
0

0101000
-123 0 +122 0 *
Ve
1e-07
396.1 377.5 -41.775
0 0

0101101
*
Ed
 1e-07 1 1 0
1  494 0 0 10
2  1427 305 0 0 10
2  1428 307 0 0 10
2  1429 47 0 0 10
0

0101000
-120 0 +123 0 *
Ve
1e-07
396.1 377.5 -43.275
0 0

0101101
*
Ed
 1e-07 1 1 0
1  495 0 0 1.5
2  1430 305 0 0 1.5
2  1431 308 0 0 1.5
0

0101000
-120 0 +118 0 *
Ed
 1e-07 1 1 0
1  496 0 0 10
2  1432 305 0 0 10
2  1433 309 0 0 10
2  1434 38 0 0 10
0

0101000
-118 0 +122 0 *
Wi

0101100
-121 0 -119 0 +117 0 +116 0 *
Fa
0  1e-07 305 0

0111000
+115 0 *
Ve
1e-07
406.1 367.5 -41.775
0 0

0101101
*
Ve
1e-07
406.1 367.5 -43.275
0 0

0101101
*
Ed
 1e-07 1 1 0
1  497 0 0 1.5
2  1435 310 0 0 1.5
2  1436 306 0 0 1.5
0

0101000
-113 0 +112 0 *
Ve
1e-07
406.1 377.5 -41.775
0 0

0101101
*
Ed
 1e-07 1 1 0
1  498 0 0 10
2  1437 310 0 0 10
2  1438 307 0 0 10
2  1439 47 0 0 10
0

0101000
-110 0 +113 0 *
Ve
1e-07
406.1 377.5 -43.275
0 0

0101101
*
Ed
 1e-07 1 1 0
1  499 0 0 1.5
2  1440 310 0 0 1.5
2  1441 308 0 0 1.5
0

0101000
-110 0 +108 0 *
Ed
 1e-07 1 1 0
1  500 0 0 10
2  1442 310 0 0 10
2  1443 309 0 0 10
2  1444 38 0 0 10
0

0101000
-108 0 +112 0 *
Wi

0101100
-111 0 -109 0 +107 0 +106 0 *
Fa
0  1e-07 310 0

0111000
+105 0 *
Ed
 1e-07 1 1 0
1  501 0 0 10
2  1445 306 0 0 10
2  1446 309 0 0 10
2  1447 38 0 0 10
0

0101000
-112 0 +122 0 *
Ed
 1e-07 1 1 0
1  502 0 0 10
2  1448 306 0 0 10
2  1449 307 0 0 10
2  1450 47 0 0 10
0

0101000
-113 0 +123 0 *
Wi

0101100
-103 0 -111 0 +102 0 +121 0 *
Fa
0  1e-07 306 0

0111000
+101 0 *
Ed
 1e-07 1 1 0
1  503 0 0 10
2  1451 308 0 0 10
2  1452 309 0 0 10
2  1453 38 0 0 10
0

0101000
-108 0 +118 0 *
Ed
 1e-07 1 1 0
1  504 0 0 10
2  1454 308 0 0 10
2  1455 307 0 0 10
2  1456 47 0 0 10
0

0101000
-110 0 +120 0 *
Wi

0101100
-99 0 -107 0 +98 0 +117 0 *
Fa
0  1e-07 308 0

0111000
+97 0 *
Wi

0101100
-116 0 -99 0 +106 0 +103 0 *
Fa
0  1e-07 309 0

0111000
+95 0 *
Wi

0101100
-119 0 -98 0 +109 0 +102 0 *
Fa
0  1e-07 307 0

0111000
+93 0 *
Sh

0101100
-114 0 +104 0 -100 0 +96 0 -94 0 +92 0 *
So

0100000
+91 0 *
Ed
 1e-07 1 1 0
1  505 0 16.7 594.7
2  1457 2 0 16.7 594.7
2  1458 29 0 16.7 594.7
0

0101000
+1592 0 -1473 0 *
Ed
 1e-07 1 1 0
1  506 0 16.7 594.7
2  1459 2 0 16.7 594.7
2  1460 8 0 16.7 594.7
0

0101000
+1593 0 -1472 0 *
Wi

0101100
-1591 0 -89 0 -1471 0 +88 0 *
Fa
0  1e-07 2 0

0101000
+87 0 *
Ed
 1e-07 1 1 0
1  507 0 51.7 559.7
2  1461 27 0 51.7 559.7
2  1462 29 0 51.7 559.7
0

0101000
+1565 0 -1463 0 *
Wi

0101100
-1563 0 +89 0 -85 0 -1462 0 *
Wi

0101100
+184 0 -171 0 -174 0 +167 0 *
Wi

0101100
+218 0 -205 0 -208 0 +201 0 *
Fa
0  1e-07 29 0

0101000
+84 0 +83 0 +82 0 *
Ed
 1.00000001776357e-07 1 1 0
1  508 0 28.7 582.7
2  1463 8 0 28.7 582.7
2  1464 9 0 28.7 582.7
0

0101000
+1583 0 -1445 0 *
Wi

0101100
-1582 0 -88 0 -1443 0 +80 0 *
Fa
0  1e-07 8 0

0101000
+79 0 *
Wi

0101100
-1580 0 -267 0 -1444 0 +80 0 *
Fa
0  1e-07 9 0

0101000
+77 0 *
Ed
 1.00000001332268e-07 1 1 0
1  509 0 28.7 582.7
2  1465 19 0 28.7 582.7
2  1466 21 0 28.7 582.7
0

0101000
+1573 0 -1455 0 *
Wi

0101100
-1572 0 -75 0 -1452 0 +257 0 *
Fa
0  1e-07 19 0

0101000
+74 0 *
Ed
 1e-07 1 1 0
1  510 0 23.7 587.7
2  1467 21 0 23.7 587.7
2  1468 23 0 23.7 587.7
0

0101000
+1571 0 -1457 0 *
Wi

0101100
-1570 0 -72 0 -1454 0 +75 0 *
Fa
0  1e-07 21 0

0101000
+71 0 *
Ed
 1e-07 1 1 0
1  511 0 23.7 587.7
2  1469 23 0 23.7 587.7
2  1470 25 0 23.7 587.7
0

0101000
+1569 0 -1459 0 *
Wi

0101100
-1568 0 -69 0 -1456 0 +72 0 *
Fa
0  1e-07 23 0

0101000
+68 0 *
Ed
 1e-07 1 1 0
1  512 0 51.7 559.7
2  1471 25 0 51.7 559.7
2  1472 27 0 51.7 559.7
0

0101000
+1567 0 -1461 0 *
Wi

0101100
-1566 0 +69 0 -66 0 -1458 0 *
Wi

0101100
+187 0 -170 0 -177 0 +166 0 *
Wi

0101100
+221 0 -204 0 -211 0 +200 0 *
Fa
0  1e-07 25 0

0101000
+65 0 +64 0 +63 0 *
Wi

0101100
-1564 0 -66 0 -1460 0 +85 0 *
Fa
0  1e-07 27 0

0101000
+61 0 *
Ed
 1e-07 1 1 0
1  513 0 22.2 589.2
2  1473 30 0 22.2 589.2
2  1474 32 0 22.2 589.2
0

0101000
+1560 0 -1441 0 *
Ed
 1e-07 1 1 0
1  514 0 18.2 593.2
2  1475 30 0 18.2 593.2
2  1476 36 0 18.2 593.2
0

0101000
+1561 0 -1440 0 *
Wi

0101100
-1559 0 -59 0 -1439 0 +58 0 *
Fa
0  1e-07 30 0

0101000
+57 0 *
Ed
 1e-07 1 1 0
1  515 0 22.2 589.2
2  1477 32 0 22.2 589.2
2  1478 34 0 22.2 589.2
0

0101000
+1558 0 -1436 0 *
Wi

0101100
-1557 0 -55 0 -1434 0 +59 0 *
Fa
0  1e-07 32 0

0101000
+54 0 *
Ed
 1e-07 1 1 0
1  516 0 18.2 593.2
2  1479 34 0 18.2 593.2
2  1480 36 0 18.2 593.2
0

0101000
+1556 0 -1438 0 *
Wi

0101100
-1555 0 -52 0 -1435 0 +55 0 *
Fa
0  1e-07 34 0

0101000
+51 0 *
Wi

0101100
-1554 0 -58 0 -1437 0 +52 0 *
Fa
0  1e-07 36 0

0101000
+49 0 *
Sh

0101100
-86 0 -1552 0 -81 0 -1432 0 -78 0 +76 0 +265 0 +268 0 +255 0 +73 0 
+70 0 +67 0 +62 0 -60 0 +56 0 +53 0 +50 0 +48 0 +182 0 +168 0 
-172 0 -164 0 +216 0 +202 0 -206 0 -198 0 *
So

0100000
+47 0 *
Ed
 1e-07 1 1 0
1  517 0 16.7 594.7
2  1481 5 0 16.7 594.7
2  1482 38 0 16.7 594.7
0

0101000
+1590 0 -1470 0 *
Ed
 1e-07 1 1 0
1  518 0 16.7 594.7
2  1483 5 0 16.7 594.7
2  1484 39 0 16.7 594.7
0

0101000
+1588 0 -1468 0 *
Wi

0101100
+1587 0 -45 0 +1467 0 +44 0 *
Fa
0  1e-07 5 0

0101000
+43 0 *
Ed
 1e-07 1 1 0
1  519 0 51.7 559.7
2  1485 48 0 51.7 559.7
2  1486 38 0 51.7 559.7
0

0101000
+1551 0 -1431 0 *
Wi

0101100
+1549 0 -41 0 +45 0 +1429 0 *
Wi

0101100
-99 0 +106 0 +103 0 -116 0 *
Wi

0101100
-133 0 +140 0 +137 0 -150 0 *
Fa
0  1e-07 38 0

0101000
+40 0 +39 0 +38 0 *
Ed
 1.00000001776357e-07 1 1 0
1  520 0 28.7 582.7
2  1487 39 0 28.7 582.7
2  1488 40 0 28.7 582.7
0

0101000
+1546 0 -1410 0 *
Wi

0101100
+1545 0 -44 0 +1408 0 +36 0 *
Fa
0  1e-07 39 0

0101000
+35 0 *
Wi

0101100
+1543 0 -263 0 +1409 0 +36 0 *
Fa
0  1e-07 40 0

0101000
+33 0 *
Ed
 1.00000001332268e-07 1 1 0
1  521 0 28.7 582.7
2  1489 44 0 28.7 582.7
2  1490 45 0 28.7 582.7
0

0101000
+1536 0 -1420 0 *
Wi

0101100
+1535 0 -31 0 +1417 0 +254 0 *
Fa
0  1e-07 44 0

0101000
+30 0 *
Ed
 1e-07 1 1 0
1  522 0 23.7 587.7
2  1491 45 0 23.7 587.7
2  1492 46 0 23.7 587.7
0

0101000
+1534 0 -1422 0 *
Wi

0101100
+1533 0 -28 0 +1419 0 +31 0 *
Fa
0  1e-07 45 0

0101000
+27 0 *
Ed
 1e-07 1 1 0
1  523 0 23.7 587.7
2  1493 46 0 23.7 587.7
2  1494 47 0 23.7 587.7
0

0101000
+1532 0 -1424 0 *
Wi

0101100
+1531 0 -25 0 +1421 0 +28 0 *
Fa
0  1e-07 46 0

0101000
+24 0 *
Ed
 1e-07 1 1 0
1  524 0 51.7 559.7
2  1495 47 0 51.7 559.7
2  1496 48 0 51.7 559.7
0

0101000
+1530 0 -1426 0 *
Wi

0101100
+1529 0 -22 0 +25 0 +1423 0 *
Wi

0101100
-98 0 +109 0 +102 0 -119 0 *
Wi

0101100
-132 0 +143 0 +136 0 -153 0 *
Fa
0  1e-07 47 0

0101000
+21 0 +20 0 +19 0 *
Wi

0101100
+1528 0 -22 0 +1425 0 +41 0 *
Fa
0  1e-07 48 0

0101000
+17 0 *
Ed
 1e-07 1 1 0
1  525 0 22.2 589.2
2  1497 49 0 22.2 589.2
2  1498 50 0 22.2 589.2
0

0101000
+1526 0 -1403 0 *
Ed
 1e-07 1 1 0
1  526 0 22.2 589.2
2  1499 52 0 22.2 589.2
2  1500 49 0 22.2 589.2
0

0101000
+1525 0 -1401 0 *
Wi

0101100
+1524 0 -15 0 +1400 0 +14 0 *
Fa
0  1e-07 49 0

0101000
+13 0 *
Ed
 1e-07 1 1 0
1  527 0 18.2 593.2
2  1501 50 0 18.2 593.2
2  1502 51 0 18.2 593.2
0

0101000
+1523 0 -1406 0 *
Wi

0101100
+1522 0 -11 0 +1402 0 +15 0 *
Fa
0  1e-07 50 0

0101000
+10 0 *
Ed
 1e-07 1 1 0
1  528 0 18.2 593.2
2  1503 52 0 18.2 593.2
2  1504 51 0 18.2 593.2
0

0101000
+1521 0 -1405 0 *
Wi

0101100
+1520 0 -8 0 +1404 0 +11 0 *
Fa
0  1e-07 51 0

0101000
+7 0 *
Wi

0101100
+1519 0 -14 0 +1399 0 +8 0 *
Fa
0  1e-07 52 0

0101000
+5 0 *
Sh

0101100
+42 0 +1517 0 +37 0 +1397 0 +34 0 -32 0 -261 0 -258 0 -252 0 -29 0 
-26 0 -23 0 -18 0 +16 0 -12 0 -9 0 -6 0 -4 0 -96 0 -104 0 
+100 0 +114 0 -130 0 -138 0 +134 0 +148 0 *
So

0100000
+3 0 *
Co

1100000
+1474 0 +1354 0 +1290 0 +1256 0 +1222 0 +1188 0 +1154 0 +1120 0 +1086 0 +1068 0 
+1023 0 +999 0 +975 0 +951 0 +927 0 +903 0 +879 0 +869 0 +805 0 +771 0 
+737 0 +703 0 +669 0 +635 0 +601 0 +583 0 +557 0 +543 0 +529 0 +515 0 
+501 0 +487 0 +473 0 +471 0 +426 0 +402 0 +378 0 +354 0 +330 0 +306 0 
+282 0 +272 0 +226 0 +192 0 +158 0 +124 0 +90 0 +46 0 +2 0 *

+1 0 